Gender;Age;EstimatedSalary;Purchased;;Logistic Regression;;;;;;;;;;;;;;;;;;;;;;;;;;Classification Table;;;;;ROC Table;;;;;;;
0;19;19000;0;;;;;;;;;;;;;;;;;;;;;;;;;;;;;;;;;;;;;;;;
0;35;20000;0;;Gender;Age;EstimatedSalary;Success;Failure;Total;p-Obs;p-Pred;Suc-Pred;Fail-Pred;LL;% Correct;;;Coeff;;LL0;-260,7864829;;Covariance Matrix;;;;;Converge;;;Suc-Obs;Fail-Obs;;;p-Pred;Failure;Success;Fail-Cum;Suc-Cum;FPR;TPR;AUC
1;26;43000;0;;0;19;19000;0;1;1;0;0,000706141;0,000706141;0,999293859;-0,00070639;100;;;;;LL1;-137,9216127;;1,71391019;0,020238796;-0,032974264;-5,12507E-06;;4,94049E-14;;Suc-Pred;104;20;124;;;;;0;0;1;1;0,003891051
1;27;57000;0;;0;35;20000;0;1;1;0;0,031461066;0,031461066;0,968538934;-0,031966596;100;;;-12,44979075;;;;;0,020238796;0,093163523;-0,001265653;-1,96372E-07;;1,95399E-14;;Fail-Pred;39;237;276;;0,000544036;1;0;1;0;0,996108949;1;0,003891051
0;19;76000;0;;1;26;43000;0;1;1;0;0,006334067;0,006334067;0,993665933;-0,006354212;100;;;-0,333843388;;Chi-Sq;245,7297404;;-0,032974264;-0,001265653;0,000695757;7,59729E-08;;2,37321E-12;;;143;257;400;;0,000652697;1;0;2;0;0,992217899;1;0,003891051
0;27;58000;0;;1;27;57000;0;1;1;0;0,013277572;0,013277572;0,986722428;-0,013366507;100;;;0,236969401;;df;3;;-5,12507E-06;-1,96372E-07;7,59729E-08;2,99524E-11;;3,40515E-09;;;;;;;0,000706141;1;0;3;0;0,988326848;1;0,003891051
1;27;84000;0;;0;19;76000;0;1;1;0;0,005608534;0,005608534;0,994391466;-0,00562432;100;;;3,64412E-05;;p-value;5,4877E-53;;;;;;;;;Accuracy;0,727272727;0,922178988;0,8525;;0,000728192;1;0;4;0;0,984435798;1;0,003891051
1;32;150000;1;;0;27;58000;0;1;1;0;0,019114137;0,019114137;0,980885863;-0,019299174;100;;;;;alpha;0,05;;;;;;;;;;;;;;0,000741496;1;0;5;0;0,980544747;1;0,003891051
0;25;33000;0;;1;27;84000;0;1;1;0;0,034743535;0,034743535;0,965256465;-0,035361446;100;;;;;sig;yes;;;;;;;;;Cutoff;0,5;;;;0,000878564;1;0;6;0;0,976653696;1;0,003891051
1;35;65000;0;;1;32;150000;1;0;1;1;0,566003857;0,566003857;0,433996143;-0,569154386;100;;;;;;;;;;;;;;;;;;;;0,000992022;1;0;7;0;0,972762646;1;0,003891051
1;26;80000;0;;0;25;33000;0;1;1;0;0,004854434;0,004854434;0,995145566;-0,004866255;100;;;;;R-Sq (L);0,47113205;;;;;;;;;;;;;;0,001190295;1;0;8;0;0,968871595;1;0,003891051
1;26;52000;0;;1;35;65000;0;1;1;0;0,107069773;0,107069773;0,892930227;-0,113246835;100;;;;;R-Sq (CS);0,458993698;;;;;;;;;;;;;;0,001377103;1;0;9;0;0,964980545;1;0,003891051
0;20;86000;0;;1;26;80000;0;1;1;0;0,02395961;0,02395961;0,97604039;-0,02425131;100;;;;;R-Sq (N);0,630020421;;;;;;;;;;;;;;0,001385203;1;0;10;0;0,961089494;1;0,003891051
0;32;18000;0;;1;26;52000;0;1;1;0;0,00877106;0,00877106;0,99122894;-0,008809753;100;;;;;AIC;283,8432254;;;;;;;;;;;;;;0,001809336;1;0;11;0;0,957198444;1;0,003891051
0;18;82000;0;;0;20;86000;0;1;1;0;0,010186428;0,010186428;0,989813572;-0,010238665;100;;;;;BIC;299,8090836;;;;;;;;;;;;;;0,001852436;1;0;12;0;0,953307393;1;0,003891051
0;29;80000;0;;0;32;18000;0;1;1;0;0,01461724;0,01461724;0,98538276;-0,014725125;100;;;;;;;;;;;;;;;;;;;;0,001887391;1;0;13;0;0,949416342;1;0,003891051
0;47;25000;1;;0;18;82000;0;1;1;0;0,005507269;0,005507269;0,994492731;-0,00552249;100;;;;;;;;;;;;;;;;;;;;0,002210207;1;0;14;0;0,945525292;1;0,003891051
0;45;26000;1;;0;29;80000;0;1;1;0;0,065229886;0,065229886;0,934770114;-0,067454647;100;;;;;;;;;;;;;;;;;;;;0,002292512;1;0;15;0;0,941634241;1;0,003891051
0;46;28000;1;;0;47;25000;1;0;1;1;0,401024265;0,401024265;0,598975735;-0,913733343;0;;;;;;;;;;;;;;;;;;;;0,002305516;1;0;16;0;0,937743191;1;0,003891051
1;48;29000;1;;0;45;26000;1;0;1;1;0,301809332;0,301809332;0,698190668;-1,197959814;0;;;;;;;;;;;;;;;;;;;;0,002375465;1;0;17;0;0,93385214;1;0,003891051
0;45;22000;1;;0;46;28000;1;0;1;1;0,370786318;0,370786318;0,629213682;-0,992129345;0;;;;;;;;;;;;;;;;;;;;0,002465408;1;0;18;0;0,929961089;1;0,003891051
1;47;49000;1;;1;48;29000;1;0;1;1;0,412822757;0,412822757;0,587177243;-0,884736937;0;;;;;;;;;;;;;;;;;;;;0,002650771;1;0;19;0;0,926070039;1;0,003891051
0;48;41000;1;;0;45;22000;1;0;1;1;0,272007417;0,272007417;0,727992583;-1,301925945;0;;;;;;;;;;;;;;;;;;;;0,002665261;1;0;20;0;0,922178988;1;0,003891051
1;45;22000;1;;1;47;49000;1;0;1;1;0,534830005;0,534830005;0,465169995;-0,625806331;100;;;;;;;;;;;;;;;;;;;;0,002666342;1;0;21;0;0,918287938;1;0,003891051
0;46;23000;1;;0;48;41000;1;0;1;1;0,603203076;0,603203076;0,396796924;-0,505501362;100;;;;;;;;;;;;;;;;;;;;0,003122605;1;0;22;0;0,914396887;1;0,003891051
0;47;20000;1;;1;45;22000;1;0;1;1;0,21110045;0,21110045;0,78889955;-1,555421193;0;;;;;;;;;;;;;;;;;;;;0,003198185;1;0;23;0;0,910505837;1;0,003891051
0;49;28000;1;;0;46;23000;1;0;1;1;0,329366664;0,329366664;0,670633336;-1,11058367;0;;;;;;;;;;;;;;;;;;;;0,003256471;1;0;24;0;0,906614786;1;0,003891051
1;47;30000;1;;0;47;20000;1;0;1;1;0,358149456;0,358149456;0,641850544;-1,026804905;0;;;;;;;;;;;;;;;;;;;;0,003316487;1;0;25;0;0,902723735;1;0,003891051
0;29;43000;0;;0;49;28000;1;0;1;1;0,545390494;0,545390494;0,454609506;-0,606253238;100;;;;;;;;;;;;;;;;;;;;0,00374284;1;0;26;0;0,898832685;1;0,003891051
0;31;18000;0;;1;47;30000;1;0;1;1;0,365206549;0,365206549;0,634793451;-1,007292197;0;;;;;;;;;;;;;;;;;;;;0,003811013;1;0;27;0;0,894941634;1;0,003891051
0;31;74000;0;;0;29;43000;0;1;1;0;0,017798069;0,017798069;0,982201931;-0,01795836;100;;;;;;;;;;;;;;;;;;;;0,004512017;1;0;28;0;0,891050584;1;0,003891051
1;27;137000;1;;0;31;18000;0;1;1;0;0,011568907;0,011568907;0,988431093;-0,011636347;100;;;;;;;;;;;;;;;;;;;;0,004567358;1;0;29;0;0,887159533;1;0,003891051
1;21;16000;0;;0;31;74000;0;1;1;0;0,08263355;0,08263355;0,91736645;-0,086248268;100;;;;;;;;;;;;;;;;;;;;0,0047399;1;0;30;0;0,883268482;1;0,003891051
1;28;44000;0;;1;27;137000;1;0;1;1;0,19892651;0,19892651;0,80107349;-1,614819821;0;;;;;;;;;;;;;;;;;;;;0,004824194;1;0;31;0;0,879377432;1;0,003891051
0;27;90000;0;;1;21;16000;0;1;1;0;0,000728192;0,000728192;0,999271808;-0,000728457;100;;;;;;;;;;;;;;;;;;;;0,004854434;1;0;32;0;0,875486381;1;0,003891051
0;35;27000;0;;1;28;44000;0;1;1;0;0,010507753;0,010507753;0,989492247;-0,01056335;100;;;;;;;;;;;;;;;;;;;;0,004855417;1;0;33;0;0,871595331;1;0,003891051
1;33;28000;0;;0;27;90000;0;1;1;0;0,058861128;0,058861128;0,941138872;-0,060664572;100;;;;;;;;;;;;;;;;;;;;0,005094368;1;0;34;0;0,86770428;1;0,003891051
0;30;49000;0;;0;35;27000;0;1;1;0;0,040235062;0,040235062;0,959764938;-0,041066881;100;;;;;;;;;;;;;;;;;;;;0,005190179;1;0;35;0;0,86381323;1;0,003891051
1;26;72000;0;;1;33;28000;0;1;1;0;0,019015717;0,019015717;0,980984283;-0,019198841;100;;;;;;;;;;;;;;;;;;;;0,005507269;1;0;36;0;0,859922179;1;0,003891051
1;27;31000;0;;0;30;49000;0;1;1;0;0,027784737;0,027784737;0,972215263;-0,028178035;100;;;;;;;;;;;;;;;;;;;;0,005511725;1;0;37;0;0,856031128;1;0,003891051
1;27;17000;0;;1;26;72000;0;1;1;0;0,018009822;0,018009822;0,981990178;-0,018173973;100;;;;;;;;;;;;;;;;;;;;0,005608534;1;0;38;0;0,852140078;1;0,003891051
1;33;51000;0;;1;27;31000;0;1;1;0;0,005190179;0,005190179;0,994809821;-0,005203695;100;;;;;;;;;;;;;;;;;;;;0,005925964;1;0;39;0;0,848249027;1;0,003891051
0;35;108000;0;;1;27;17000;0;1;1;0;0,003122605;0,003122605;0,996877395;-0,003127491;100;;;;;;;;;;;;;;;;;;;;0,006107551;1;0;40;0;0,844357977;1;0,003891051
0;30;15000;0;;1;33;51000;0;1;1;0;0,042895601;0,042895601;0,957104399;-0,043842803;100;;;;;;;;;;;;;;;;;;;;0,006330229;1;0;41;0;0,840466926;1;0,003891051
1;28;84000;0;;0;35;108000;0;1;1;0;0,445168115;0,445168115;0,554831885;-0,589090121;100;;;;;;;;;;;;;;;;;;;;0,006330229;1;0;42;0;0,836575875;1;0,003891051
0;23;20000;0;;0;30;15000;0;1;1;0;0,00821055;0,00821055;0,99178945;-0,008244443;100;;;;;;;;;;;;;;;;;;;;0,006334067;1;0;43;0;0,832684825;1;0,003891051
0;25;79000;0;;1;28;84000;0;1;1;0;0,043628705;0,043628705;0,956371295;-0,044609057;100;;;;;;;;;;;;;;;;;;;;0,006602027;1;0;44;0;0,828793774;1;0,003891051
1;27;54000;0;;0;23;20000;0;1;1;0;0,001887391;0,001887391;0,998112609;-0,001889174;100;;;;;;;;;;;;;;;;;;;;0,007187351;1;0;45;0;0,824902724;1;0,003891051
0;30;135000;1;;0;25;79000;0;1;1;0;0,025414269;0,025414269;0,974585731;-0,02574279;100;;;;;;;;;;;;;;;;;;;;0,007456622;1;0;46;0;0,821011673;1;0,003891051
1;31;89000;0;;1;27;54000;0;1;1;0;0,01191894;0,01191894;0,98808106;-0,01199054;100;;;;;;;;;;;;;;;;;;;;0,007458127;1;0;47;0;0,817120623;1;0,003891051
1;24;32000;0;;0;30;135000;1;0;1;1;0,396242071;0,396242071;0,603757929;-0,925729965;0;;;;;;;;;;;;;;;;;;;;0,007768565;1;0;48;0;0,813229572;1;0,003891051
1;18;44000;0;;1;31;89000;0;1;1;0;0,100262007;0,100262007;0,899737993;-0,105651677;100;;;;;;;;;;;;;;;;;;;;0,007770132;1;0;49;0;0,809338521;1;0,003891051
1;29;83000;0;;1;24;32000;0;1;1;0;0,002650771;0,002650771;0,997349229;-0,002654291;100;;;;;;;;;;;;;;;;;;;;0,00816122;1;0;50;0;0,805447471;1;0,003891051
1;35;23000;0;;1;18;44000;0;1;1;0;0,000992022;0,000992022;0,999007978;-0,000992515;100;;;;;;;;;;;;;;;;;;;;0,00821055;1;0;51;0;0,80155642;1;0,003891051
1;27;58000;0;;1;29;83000;0;1;1;0;0,052804819;0,052804819;0,947195181;-0,054250103;100;;;;;;;;;;;;;;;;;;;;0,00850753;1;0;52;0;0,79766537;1;0,003891051
1;24;55000;0;;1;35;23000;0;1;1;0;0,02529427;0,02529427;0,97470573;-0,025619669;100;;;;;;;;;;;;;;;;;;;;0,00877106;1;0;53;0;0,793774319;1;0,003891051
1;23;48000;0;;1;27;58000;0;1;1;0;0,013763564;0,013763564;0,986236436;-0,01385916;100;;;;;;;;;;;;;;;;;;;;0,008825822;1;0;54;0;0,789883268;1;0,003891051
0;28;79000;0;;1;24;55000;0;1;1;0;0,006107551;0,006107551;0,993892449;-0,006126279;100;;;;;;;;;;;;;;;;;;;;0,008980314;1;0;55;0;0,785992218;1;0,003891051
0;22;18000;0;;1;23;48000;0;1;1;0;0,00374284;0,00374284;0,99625716;-0,003749862;100;;;;;;;;;;;;;;;;;;;;0,00948103;1;0;56;0;0,782101167;1;0,003891051
1;32;117000;0;;0;28;79000;0;1;1;0;0,050412262;0,050412262;0,949587738;-0,051727349;100;;;;;;;;;;;;;;;;;;;;0,009484849;1;0;57;0;0,778210117;1;0,003891051
0;27;20000;0;;0;22;18000;0;1;1;0;0,001385203;0,001385203;0,998614797;-0,001386163;100;;;;;;;;;;;;;;;;;;;;0,010186428;1;0;58;0;0,774319066;1;0,003891051
0;25;87000;0;;1;32;117000;0;1;1;0;0,281507933;0,281507933;0,718492067;-0,330600614;100;;;;;;;;;;;;;;;;;;;;0,010507753;1;0;59;0;0,770428016;1;0,003891051
1;23;66000;0;;0;27;20000;0;1;1;0;0,004855417;0,004855417;0,995144583;-0,004867242;100;;;;;;;;;;;;;;;;;;;;0,011568907;1;0;60;0;0,766536965;1;0,003891051
0;32;120000;1;;0;25;87000;0;1;1;0;0,033726203;0,033726203;0,966273797;-0,034308051;100;;;;;;;;;;;;;;;;;;;;0,01191894;1;0;61;0;0,762645914;1;0,003891051
1;59;83000;0;;1;23;66000;0;1;1;0;0,007187351;0,007187351;0,992812649;-0,007213304;100;;;;;;;;;;;;;;;;;;;;0,012803377;1;0;62;0;0,758754864;1;0,003891051
0;24;58000;0;;0;32;120000;1;0;1;1;0,378992421;0,378992421;0,621007579;-0,970239071;0;;;;;;;;;;;;;;;;;;;;0,013277572;1;0;63;0;0,754863813;1;0,003891051
0;24;19000;0;;1;59;83000;0;1;1;0;0,985545355;0,985545355;0,014454645;-4,236739441;0;;;;;;;;;;;;;;;;;;;;0,013590139;1;0;64;0;0,750972763;1;0,003891051
1;23;82000;0;;0;24;58000;0;1;1;0;0,00948103;0,00948103;0,99051897;-0,009526261;100;;;;;;;;;;;;;;;;;;;;0,013763564;1;0;65;0;0,747081712;1;0,003891051
1;22;63000;0;;0;24;19000;0;1;1;0;0,002305516;0,002305516;0,997694484;-0,002308178;100;;;;;;;;;;;;;;;;;;;;0,013835184;1;0;66;0;0,743190661;1;0,003891051
1;31;68000;0;;1;23;82000;0;1;1;0;0,012803377;0,012803377;0,987196623;-0,012886046;100;;;;;;;;;;;;;;;;;;;;0,01461724;1;0;67;0;0,739299611;1;0,003891051
0;25;80000;0;;1;22;63000;0;1;1;0;0,005094368;0,005094368;0,994905632;-0,005107388;100;;;;;;;;;;;;;;;;;;;;0,01461724;1;0;68;0;0,73540856;1;0,003891051
1;24;27000;0;;1;31;68000;0;1;1;0;0,049285599;0,049285599;0,950714401;-0,050541576;100;;;;;;;;;;;;;;;;;;;;0,014791719;1;0;69;0;0,73151751;1;0,003891051
1;20;23000;0;;0;25;80000;0;1;1;0;0,02633264;0,02633264;0,97366736;-0,026685553;100;;;;;;;;;;;;;;;;;;;;0,014794682;1;0;70;0;0,727626459;1;0,003891051
1;33;113000;0;;1;24;27000;0;1;1;0;0,002210207;0,002210207;0,997789793;-0,002212653;100;;;;;;;;;;;;;;;;;;;;0,015608233;1;0;71;0;0,723735409;1;0,003891051
0;32;18000;0;;1;20;23000;0;1;1;0;0,000741496;0,000741496;0,999258504;-0,000741771;100;;;;;;;;;;;;;;;;;;;;0,017798069;1;0;72;0;0,719844358;1;0,003891051
0;34;112000;1;;1;33;113000;0;1;1;0;0,300316873;0,300316873;0,699683127;-0,357127722;100;;;;;;;;;;;;;;;;;;;;0,017798069;1;0;73;0;0,715953307;1;0,003891051
0;18;52000;0;;0;32;18000;0;1;1;0;0,01461724;0,01461724;0,98538276;-0,014725125;100;;;;;;;;;;;;;;;;;;;;0,018009822;1;0;74;0;0,712062257;1;0,003891051
1;22;27000;0;;0;34;112000;1;0;1;1;0,422768708;0,422768708;0,577231292;-0,860930039;0;;;;;;;;;;;;;;;;;;;;0,018013419;1;0;75;0;0,708171206;1;0,003891051
1;28;87000;0;;0;18;52000;0;1;1;0;0,001852436;0,001852436;0,998147564;-0,001854154;100;;;;;;;;;;;;;;;;;;;;0,019015717;1;0;76;0;0,704280156;1;0,003891051
1;26;17000;0;;1;22;27000;0;1;1;0;0,001377103;0,001377103;0,998622897;-0,001378052;100;;;;;;;;;;;;;;;;;;;;0,019114137;1;0;77;0;0,700389105;1;0,003891051
0;30;80000;0;;1;28;87000;0;1;1;0;0,048424767;0,048424767;0,951575233;-0,049636528;100;;;;;;;;;;;;;;;;;;;;0,020773139;1;0;78;0;0,696498054;1;0,003891051
0;39;42000;0;;1;26;17000;0;1;1;0;0,002465408;0,002465408;0,997534592;-0,002468452;100;;;;;;;;;;;;;;;;;;;;0,021548927;1;0;79;0;0,692607004;1;0,003891051
0;20;49000;0;;0;30;80000;0;1;1;0;0,081255206;0,081255206;0,918744794;-0,084746895;100;;;;;;;;;;;;;;;;;;;;0,02395961;1;0;80;0;0,688715953;1;0,003891051
0;35;88000;0;;0;39;42000;0;1;1;0;0,157432879;0,157432879;0,842567121;-0,171301952;100;;;;;;;;;;;;;;;;;;;;0,024092549;1;0;81;0;0,684824903;1;0,003891051
1;30;62000;0;;0;20;49000;0;1;1;0;0,002665261;0,002665261;0,997334739;-0,002668819;100;;;;;;;;;;;;;;;;;;;;0,024974281;1;0;82;0;0,680933852;1;0,003891051
1;31;118000;1;;0;35;88000;0;1;1;0;0,279078537;0,279078537;0,720921463;-0,327225075;100;;;;;;;;;;;;;;;;;;;;0,02529427;1;0;83;0;0,677042802;1;0,003891051
0;24;55000;0;;1;30;62000;0;1;1;0;0,031823842;0,031823842;0,968176158;-0,032341226;100;;;;;;;;;;;;;;;;;;;;0,025414269;1;0;84;0;0,673151751;1;0,003891051
1;28;85000;0;;1;31;118000;1;0;1;1;0,24277557;0,24277557;0,75722443;-1,415617844;0;;;;;;;;;;;;;;;;;;;;0,02633264;1;0;85;0;0,6692607;1;0,003891051
0;26;81000;0;;0;24;55000;0;1;1;0;0,00850753;0,00850753;0,99149247;-0,008543926;100;;;;;;;;;;;;;;;;;;;;0,027154689;1;0;86;0;0,66536965;1;0,003891051
0;35;50000;0;;1;28;85000;0;1;1;0;0,045174763;0,045174763;0,954825237;-0,046226953;100;;;;;;;;;;;;;;;;;;;;0,027615617;1;0;87;0;0,661478599;1;0,003891051
0;22;81000;0;;0;26;81000;0;1;1;0;0,03432843;0,03432843;0,96567157;-0,034931492;100;;;;;;;;;;;;;;;;;;;;0,027784737;1;0;88;0;0,657587549;1;0,003891051
1;30;116000;0;;0;35;50000;0;1;1;0;0,088361901;0,088361901;0,911638099;-0,092512188;100;;;;;;;;;;;;;;;;;;;;0,029308714;1;0;89;0;0,653696498;1;0,003891051
0;26;15000;0;;0;22;81000;0;1;1;0;0,013590139;0,013590139;0,986409861;-0,01368333;100;;;;;;;;;;;;;;;;;;;;0,030191005;1;0;90;0;0,649805447;1;0,003891051
1;29;28000;0;;1;30;116000;0;1;1;0;0,190406034;0,190406034;0,809593966;-0,211222434;100;;;;;;;;;;;;;;;;;;;;0,031461066;1;0;91;0;0,645914397;1;0,003891051
1;29;83000;0;;0;26;15000;0;1;1;0;0,003198185;0,003198185;0,996801815;-0,00320331;100;;;;;;;;;;;;;;;;;;;;0,031823842;1;0;92;0;0,642023346;1;0,003891051
1;35;44000;0;;1;29;28000;0;1;1;0;0,007456622;0,007456622;0,992543378;-0,007484562;100;;;;;;;;;;;;;;;;;;;;0,033140692;1;0;93;0;0,638132296;1;0,003891051
1;35;25000;0;;1;29;83000;0;1;1;0;0,052804819;0,052804819;0,947195181;-0,054250103;100;;;;;;;;;;;;;;;;;;;;0,033726203;1;0;94;0;0,634241245;1;0,003891051
0;28;123000;1;;1;35;44000;0;1;1;0;0,052835337;0,052835337;0,947164663;-0,054282322;100;;;;;;;;;;;;;;;;;;;;0,033739457;1;0;95;0;0,630350195;1;0,003891051
0;35;73000;0;;1;35;25000;0;1;1;0;0,027154689;0,027154689;0,972845311;-0,027530191;100;;;;;;;;;;;;;;;;;;;;0,033759349;1;0;96;0;0,626459144;1;0,003891051
1;28;37000;0;;0;28;123000;1;0;1;1;0,208765775;0,208765775;0,791234225;-1,566542352;0;;;;;;;;;;;;;;;;;;;;0,03432843;1;0;97;0;0,622568093;1;0,003891051
0;27;88000;0;;0;35;73000;0;1;1;0;0,183074486;0,183074486;0,816925514;-0,202207358;100;;;;;;;;;;;;;;;;;;;;0,034743535;1;0;98;0;0,618677043;1;0,003891051
0;28;59000;0;;1;28;37000;0;1;1;0;0,00816122;0,00816122;0,99183878;-0,008194705;100;;;;;;;;;;;;;;;;;;;;0,037476349;1;0;99;0;0,614785992;1;0,003891051
1;32;86000;0;;0;27;88000;0;1;1;0;0,054951142;0,054951142;0,945048858;-0,056518651;100;;;;;;;;;;;;;;;;;;;;0,040235062;1;0;100;0;0,610894942;1;0,003891051
1;33;149000;1;;0;28;59000;0;1;1;0;0,024974281;0,024974281;0,975025719;-0,02529143;100;;;;;;;;;;;;;;;;;;;;0,040710638;1;0;101;0;0,607003891;1;0,003891051
1;19;21000;0;;1;32;86000;0;1;1;0;0,112378683;0,112378683;0,887621317;-0,119210072;100;;;;;;;;;;;;;;;;;;;;0,040908683;1;0;102;0;0,60311284;1;0,003891051
0;21;72000;0;;1;33;149000;1;0;1;1;0,614458714;0,614458714;0,385541286;-0,487013539;100;;;;;;;;;;;;;;;;;;;;0,042895601;1;0;103;0;0,59922179;1;0,003891051
1;26;35000;0;;1;19;21000;0;1;1;0;0,000544036;0,000544036;0,999455964;-0,000544184;100;;;;;;;;;;;;;;;;;;;;0,043628705;1;0;104;0;0,595330739;1;0,003891051
0;27;89000;0;;0;21;72000;0;1;1;0;0,007770132;0,007770132;0,992229868;-0,007800477;100;;;;;;;;;;;;;;;;;;;;0,044666815;1;0;105;0;0,591439689;1;0,003891051
0;26;86000;0;;1;26;35000;0;1;1;0;0,0047399;0,0047399;0,9952601;-0,004751169;100;;;;;;;;;;;;;;;;;;;;0,045174763;1;0;106;0;0,587548638;1;0,003891051
1;38;80000;0;;0;27;89000;0;1;1;0;0,056874569;0,056874569;0,943125431;-0,058555993;100;;;;;;;;;;;;;;;;;;;;0,047872839;1;0;107;0;0,583657588;1;0,003891051
1;39;71000;0;;0;26;86000;0;1;1;0;0,040908683;0,040908683;0,959091317;-0,041768987;100;;;;;;;;;;;;;;;;;;;;0,048424767;1;0;108;0;0,579766537;1;0,003891051
1;37;71000;0;;1;38;80000;0;1;1;0;0,296608265;0,296608265;0,703391735;-0,351841308;100;;;;;;;;;;;;;;;;;;;;0,049285599;1;0;109;0;0,575875486;1;0,003891051
0;38;61000;0;;1;39;71000;0;1;1;0;0,277980137;0,277980137;0,722019863;-0,325702629;100;;;;;;;;;;;;;;;;;;;;0,050412262;1;0;110;0;0,571984436;1;0
0;37;55000;0;;1;37;71000;0;1;1;0;0,193341587;0,193341587;0,806658413;-0,214854981;100;;;;;;;;;;;;;;;;;;;;0,052794651;0;1;110;1;0,571984436;0,993006993;0,00386384
0;42;80000;0;;0;38;61000;0;1;1;0;0,227577488;0,227577488;0,772422512;-0,258223584;100;;;;;;;;;;;;;;;;;;;;0,052804819;1;0;111;1;0,568093385;0,993006993;0,00386384
0;40;57000;0;;0;37;55000;0;1;1;0;0,15740591;0,15740591;0,84259409;-0,171269944;100;;;;;;;;;;;;;;;;;;;;0,052804819;1;0;112;1;0,564202335;0,993006993;0,00386384
0;35;75000;0;;0;42;80000;0;1;1;0;0,603057069;0,603057069;0,396942931;-0,923962759;0;;;;;;;;;;;;;;;;;;;;0,052835337;1;0;113;1;0,560311284;0,993006993;0,00386384
0;36;52000;0;;0;40;57000;0;1;1;0;0,290312487;0,290312487;0,709687513;-0,342930528;100;;;;;;;;;;;;;;;;;;;;0,054667972;1;0;114;1;0,556420233;0,993006993;0,00386384
0;40;59000;0;;0;35;75000;0;1;1;0;0,19422732;0,19422732;0,80577268;-0,215953611;100;;;;;;;;;;;;;;;;;;;;0,054951142;1;0;115;1;0,552529183;0,993006993;0,00386384
0;41;59000;0;;0;36;52000;0;1;1;0;0,116711126;0,116711126;0,883288874;-0,124102982;100;;;;;;;;;;;;;;;;;;;;0,054961702;1;0;116;1;0,548638132;0,993006993;0,00386384
1;36;75000;0;;0;40;59000;0;1;1;0;0,305554721;0,305554721;0,694445279;-0,364641912;100;;;;;;;;;;;;;;;;;;;;0,055942646;1;0;117;1;0,544747082;0,993006993;0,00386384
0;37;72000;0;;0;41;59000;0;1;1;0;0,358009247;0,358009247;0,641990753;-0,443181379;100;;;;;;;;;;;;;;;;;;;;0,056614652;1;0;118;1;0,540856031;0,993006993;0,00386384
1;40;75000;0;;1;36;75000;0;1;1;0;0,17951359;0,17951359;0,82048641;-0,197857932;100;;;;;;;;;;;;;;;;;;;;0,056874569;1;0;119;1;0,536964981;0,993006993;0,00386384
0;35;53000;0;;0;37;72000;0;1;1;0;0,257661771;0,257661771;0,742338229;-0,297950306;100;;;;;;;;;;;;;;;;;;;;0,057557087;1;0;120;1;0,53307393;0,993006993;0,00386384
1;41;51000;0;;1;40;75000;0;1;1;0;0,360828777;0,360828777;0,639171223;-0,447582907;100;;;;;;;;;;;;;;;;;;;;0,058570269;1;0;121;1;0,529182879;0,993006993;0,00386384
1;39;61000;0;;0;35;53000;0;1;1;0;0,097573736;0,097573736;0,902426264;-0,102668294;100;;;;;;;;;;;;;;;;;;;;0,058581482;1;0;122;1;0,525291829;0,993006993;0,00386384
0;42;65000;0;;1;41;51000;0;1;1;0;0,229809356;0,229809356;0,770190644;-0,261117205;100;;;;;;;;;;;;;;;;;;;;0,058861128;1;0;123;1;0,521400778;0,993006993;0,00386384
0;26;32000;0;;1;39;61000;0;1;1;0;0,210998884;0,210998884;0,789001116;-0,236987543;100;;;;;;;;;;;;;;;;;;;;0,058906199;1;0;124;1;0,517509728;0,993006993;0,00386384
0;30;17000;0;;0;42;65000;0;1;1;0;0,467944392;0,467944392;0,532055608;-0,631007269;100;;;;;;;;;;;;;;;;;;;;0,060959134;1;0;125;1;0,513618677;0,993006993;0,00386384
1;26;84000;0;;0;26;32000;0;1;1;0;0,005925964;0,005925964;0,994074036;-0,005943593;100;;;;;;;;;;;;;;;;;;;;0,062016433;1;0;126;1;0,509727626;0,993006993;0,00386384
0;31;58000;0;;0;30;17000;0;1;1;0;0,008825822;0,008825822;0,991174178;-0,008865001;100;;;;;;;;;;;;;;;;;;;;0,063054791;1;0;127;1;0,505836576;0,993006993;0,00386384
0;33;31000;0;;1;26;84000;0;1;1;0;0,027615617;0,027615617;0,972384383;-0,028004097;100;;;;;;;;;;;;;;;;;;;;0,064909727;1;0;128;1;0,501945525;0,993006993;0,00386384
0;30;87000;0;;0;31;58000;0;1;1;0;0,047872839;0,047872839;0,952127161;-0,049056681;100;;;;;;;;;;;;;;;;;;;;0,065229886;1;0;129;1;0,498054475;0,993006993;0,00386384
1;21;68000;0;;0;33;31000;0;1;1;0;0,029308714;0,029308714;0,970691286;-0,029746795;100;;;;;;;;;;;;;;;;;;;;0,071003119;1;0;130;1;0,494163424;0,993006993;0,00386384
1;28;55000;0;;0;30;87000;0;1;1;0;0,10244713;0,10244713;0,89755287;-0,108083253;100;;;;;;;;;;;;;;;;;;;;0,079496941;1;0;131;1;0,490272374;0,993006993;0,00386384
0;23;63000;0;;1;21;68000;0;1;1;0;0,004824194;0,004824194;0,995175806;-0,004835868;100;;;;;;;;;;;;;;;;;;;;0,080863196;1;0;132;1;0,486381323;0,993006993;0,00386384
1;20;82000;0;;1;28;55000;0;1;1;0;0,015608233;0,015608233;0,984391767;-0,015731324;100;;;;;;;;;;;;;;;;;;;;0,081255206;1;0;133;1;0,482490272;0,993006993;0,00386384
0;30;107000;1;;0;23;63000;0;1;1;0;0,008980314;0,008980314;0,991019686;-0,00902088;100;;;;;;;;;;;;;;;;;;;;0,082220141;1;0;134;1;0,478599222;0,993006993;0,00386384
1;28;59000;0;;1;20;82000;0;1;1;0;0,006330229;0,006330229;0,993669771;-0,00635035;100;;;;;;;;;;;;;;;;;;;;0,08263355;1;0;135;1;0,474708171;0,993006993;0,00386384
0;19;25000;0;;0;30;107000;1;0;1;1;0,191312963;0,191312963;0,808687037;-1,653844643;0;;;;;;;;;;;;;;;;;;;;0,088329149;1;0;136;1;0,470817121;0,993006993;0,00386384
0;19;85000;0;;1;28;59000;0;1;1;0;0,018013419;0,018013419;0,981986581;-0,018177635;100;;;;;;;;;;;;;;;;;;;;0,088361901;1;0;137;1;0,46692607;0,993006993;0,00386384
1;18;68000;0;;0;19;25000;0;1;1;0;0,000878564;0,000878564;0,999121436;-0,000878951;100;;;;;;;;;;;;;;;;;;;;0,089287216;1;0;138;1;0,463035019;0,993006993;0,00386384
0;35;59000;0;;0;19;85000;0;1;1;0;0,007768565;0,007768565;0,992231435;-0,007798897;100;;;;;;;;;;;;;;;;;;;;0,090855502;1;0;139;1;0,459143969;0,993006993;0,00386384
0;30;89000;0;;1;18;68000;0;1;1;0;0,002375465;0,002375465;0,997624535;-0,00237829;100;;;;;;;;;;;;;;;;;;;;0,092380323;1;0;140;1;0,455252918;0,993006993;0,00386384
1;34;25000;0;;0;35;59000;0;1;1;0;0,118592011;0,118592011;0,881407989;-0,126234663;100;;;;;;;;;;;;;;;;;;;;0,097573736;1;0;141;1;0,451361868;0,993006993;0,00386384
1;24;89000;0;;0;30;89000;0;1;1;0;0,109345618;0,109345618;0,890654382;-0,115798826;100;;;;;;;;;;;;;;;;;;;;0,100262007;1;0;142;1;0,447470817;0,993006993;0,00386384
1;27;96000;1;;1;34;25000;0;1;1;0;0,021548927;0,021548927;0,978451073;-0,021784496;100;;;;;;;;;;;;;;;;;;;;0,10244713;1;0;143;1;0,443579767;0,993006993;0,00386384
1;41;30000;0;;1;24;89000;0;1;1;0;0,020773139;0,020773139;0,979226861;-0,020991936;100;;;;;;;;;;;;;;;;;;;;0,104182154;1;0;144;1;0,439688716;0,993006993;0,00386384
0;29;61000;0;;1;27;96000;1;0;1;1;0,052794651;0,052794651;0,947205349;-2,941345406;0;;;;;;;;;;;;;;;;;;;;0,107069773;1;0;145;1;0,435797665;0,993006993;0,00386384
0;20;74000;0;;1;41;30000;0;1;1;0;0,121889987;0,121889987;0,878110013;-0,129983394;100;;;;;;;;;;;;;;;;;;;;0,108814422;1;0;146;1;0,431906615;0,993006993;0,00386384
1;26;15000;0;;0;29;61000;0;1;1;0;0,033739457;0,033739457;0,966260543;-0,034321768;100;;;;;;;;;;;;;;;;;;;;0,109345618;1;0;147;1;0,428015564;0,993006993;0,00386384
0;41;45000;0;;0;20;74000;0;1;1;0;0,006602027;0,006602027;0,993397973;-0,006623917;100;;;;;;;;;;;;;;;;;;;;0,112378683;1;0;148;1;0,424124514;0,993006993;0,00386384
0;31;76000;0;;1;26;15000;0;1;1;0;0,002292512;0,002292512;0,997707488;-0,002295144;100;;;;;;;;;;;;;;;;;;;;0,114835516;1;0;149;1;0,420233463;0,993006993;0,00386384
1;36;50000;0;;0;41;45000;0;1;1;0;0,250829767;0,250829767;0,749170233;-0,28878904;100;;;;;;;;;;;;;;;;;;;;0,116711126;1;0;150;1;0,416342412;0,993006993;0,00386384
0;40;47000;0;;0;31;76000;0;1;1;0;0,088329149;0,088329149;0,911670851;-0,092476263;100;;;;;;;;;;;;;;;;;;;;0,118592011;1;0;151;1;0,412451362;0,993006993;0,00386384
1;31;15000;0;;1;36;50000;0;1;1;0;0,080863196;0,080863196;0,919136804;-0,084320305;100;;;;;;;;;;;;;;;;;;;;0,121889987;1;0;152;1;0,408560311;0,993006993;0,00386384
0;46;59000;0;;0;40;47000;0;1;1;0;0,221270335;0,221270335;0,778729665;-0,250091321;100;;;;;;;;;;;;;;;;;;;;0,123798514;1;0;153;1;0,404669261;0,993006993;0,00386384
0;29;75000;0;;1;31;15000;0;1;1;0;0,007458127;0,007458127;0,992541873;-0,007486078;100;;;;;;;;;;;;;;;;;;;;0,123820571;1;0;154;1;0,40077821;0,993006993;0,00386384
0;26;30000;0;;0;46;59000;0;1;1;0;0,645846613;0,645846613;0,354153387;-1,038025164;0;;;;;;;;;;;;;;;;;;;;0,123820571;1;0;155;1;0,39688716;0,993006993;0,00386384
1;32;135000;1;;0;29;75000;0;1;1;0;0,054961702;0,054961702;0,945038298;-0,056529825;100;;;;;;;;;;;;;;;;;;;;0,125799712;1;0;156;1;0,392996109;0,993006993;0,00386384
0;32;100000;1;;0;26;30000;0;1;1;0;0,005511725;0,005511725;0,994488275;-0,005526971;100;;;;;;;;;;;;;;;;;;;;0,126424518;1;0;157;1;0,389105058;0,993006993;0,00386384
0;25;90000;0;;1;32;135000;1;0;1;1;0,430195734;0,430195734;0,569804266;-0,84351498;0;;;;;;;;;;;;;;;;;;;;0,129839275;1;0;158;1;0,385214008;0,993006993;0,00386384
1;37;33000;0;;0;32;100000;1;0;1;1;0,22747028;0,22747028;0,77252972;-1,480735685;0;;;;;;;;;;;;;;;;;;;;0,134012267;1;0;159;1;0,381322957;0,993006993;0,00386384
0;35;38000;0;;0;25;90000;0;1;1;0;0,037476349;0,037476349;0,962523651;-0,038196641;100;;;;;;;;;;;;;;;;;;;;0,143443258;1;0;160;1;0,377431907;0,993006993;0,00386384
1;33;69000;0;;1;37;33000;0;1;1;0;0,056614652;0,056614652;0,943385348;-0,058280439;100;;;;;;;;;;;;;;;;;;;;0,144979705;1;0;161;1;0,373540856;0,993006993;0,00386384
1;18;86000;0;;0;35;38000;0;1;1;0;0,058906199;0,058906199;0,941093801;-0,060712462;100;;;;;;;;;;;;;;;;;;;;0,147240218;1;0;162;1;0,369649805;0,993006993;0,00386384
1;22;55000;0;;1;33;69000;0;1;1;0;0,079496941;0,079496941;0,920503059;-0,082834956;100;;;;;;;;;;;;;;;;;;;;0,147979123;1;0;163;1;0,365758755;0,993006993;0,00386384
1;35;71000;0;;1;18;86000;0;1;1;0;0,004567358;0,004567358;0,995432642;-0,00457782;100;;;;;;;;;;;;;;;;;;;;0,150278182;1;0;164;1;0,361867704;0,993006993;0,00386384
0;29;148000;1;;1;22;55000;0;1;1;0;0,003811013;0,003811013;0,996188987;-0,003818294;100;;;;;;;;;;;;;;;;;;;;0,156601731;1;0;165;1;0,357976654;0,993006993;0,00386384
1;29;47000;0;;1;35;71000;0;1;1;0;0,129839275;0,129839275;0,870160725;-0,139077344;100;;;;;;;;;;;;;;;;;;;;0,15740591;1;0;166;1;0,354085603;0,993006993;0,00386384
0;21;88000;0;;0;29;148000;1;0;1;1;0,454034661;0,454034661;0,545965339;-0,789581737;0;;;;;;;;;;;;;;;;;;;;0,157432879;1;0;167;1;0,350194553;0,993006993;0,00386384
0;34;115000;0;;1;29;47000;0;1;1;0;0,014791719;0,014791719;0,985208281;-0,014902207;100;;;;;;;;;;;;;;;;;;;;0,157432879;1;0;168;1;0,346303502;0,993006993;0,00386384
1;26;118000;0;;0;21;88000;0;1;1;0;0,013835184;0,013835184;0,986164816;-0,013931782;100;;;;;;;;;;;;;;;;;;;;0,169883547;1;0;169;1;0,342412451;0,993006993;0,00386384
1;34;43000;0;;0;34;115000;0;1;1;0;0,449647701;0,449647701;0,550352299;-0,597196662;100;;;;;;;;;;;;;;;;;;;;0,177687221;1;0;170;1;0,338521401;0,993006993;0,00386384
1;34;72000;0;;1;26;118000;0;1;1;0;0,089287216;0,089287216;0,910712784;-0,093527707;100;;;;;;;;;;;;;;;;;;;;0,17951359;1;0;171;1;0,33463035;0,993006993;0,00386384
1;23;28000;0;;1;34;43000;0;1;1;0;0,040710638;0,040710638;0,959289362;-0,041562517;100;;;;;;;;;;;;;;;;;;;;0,183074486;1;0;172;1;0,3307393;0,993006993;0,00386384
1;35;47000;0;;1;34;72000;0;1;1;0;0,108814422;0,108814422;0,891185578;-0,115202593;100;;;;;;;;;;;;;;;;;;;;0,190406034;1;0;173;1;0,326848249;0,993006993;0
0;25;22000;0;;1;23;28000;0;1;1;0;0,001809336;0,001809336;0,998190664;-0,001810974;100;;;;;;;;;;;;;;;;;;;;0,191312963;0;1;173;2;0,326848249;0,986013986;0,00383663
0;24;23000;0;;1;35;47000;0;1;1;0;0,058581482;0,058581482;0,941418518;-0,060367479;100;;;;;;;;;;;;;;;;;;;;0,193341587;1;0;174;2;0,322957198;0,986013986;0,00383663
1;31;34000;0;;0;25;22000;0;1;1;0;0,003256471;0,003256471;0,996743529;-0,003261784;100;;;;;;;;;;;;;;;;;;;;0,19422732;1;0;175;2;0,319066148;0,986013986;0,00383663
0;26;16000;0;;0;24;23000;0;1;1;0;0,002666342;0,002666342;0,997333658;-0,002669903;100;;;;;;;;;;;;;;;;;;;;0,19422732;1;0;176;2;0,315175097;0,986013986;0,00383663
1;31;71000;0;;1;31;34000;0;1;1;0;0,014794682;0,014794682;0,985205318;-0,014905215;100;;;;;;;;;;;;;;;;;;;;0,196215204;1;0;177;2;0,311284047;0,986013986;0
1;32;117000;1;;0;26;16000;0;1;1;0;0,003316487;0,003316487;0,996683513;-0,003321998;100;;;;;;;;;;;;;;;;;;;;0,19892651;0;1;177;3;0,311284047;0,979020979;0,00380942
0;33;43000;0;;1;31;71000;0;1;1;0;0,054667972;0,054667972;0,945332028;-0,056219061;100;;;;;;;;;;;;;;;;;;;;0,199120987;1;0;178;3;0,307392996;0,979020979;0
1;33;60000;0;;1;32;117000;1;0;1;1;0,281507933;0,281507933;0,718492067;-1,267594652;0;;;;;;;;;;;;;;;;;;;;0,208765775;0;1;178;4;0,307392996;0,972027972;0,00378221
0;31;66000;0;;0;33;43000;0;1;1;0;0,044666815;0,044666815;0,955333185;-0,045695114;100;;;;;;;;;;;;;;;;;;;;0,210998884;1;0;179;4;0,303501946;0,972027972;0
1;20;82000;0;;1;33;60000;0;1;1;0;0,058570269;0,058570269;0,941429731;-0,060355569;100;;;;;;;;;;;;;;;;;;;;0,21110045;0;1;179;5;0,303501946;0,965034965;0,003755
1;33;41000;0;;0;31;66000;0;1;1;0;0,063054791;0,063054791;0,936945209;-0,065130473;100;;;;;;;;;;;;;;;;;;;;0,215020659;1;0;180;5;0,299610895;0,965034965;0,003755
0;35;72000;0;;1;20;82000;0;1;1;0;0,006330229;0,006330229;0,993669771;-0,00635035;100;;;;;;;;;;;;;;;;;;;;0,218060013;1;0;181;5;0,295719844;0,965034965;0,003755
0;28;32000;0;;1;33;41000;0;1;1;0;0,030191005;0,030191005;0,969808995;-0,030656139;100;;;;;;;;;;;;;;;;;;;;0,221270335;1;0;182;5;0,291828794;0,965034965;0
0;24;84000;0;;0;35;72000;0;1;1;0;0,177687221;0,177687221;0,822312779;-0,195634446;100;;;;;;;;;;;;;;;;;;;;0,22747028;0;1;182;6;0,291828794;0,958041958;0,00372779
1;19;26000;0;;0;28;32000;0;1;1;0;0,009484849;0,009484849;0,990515151;-0,009530117;100;;;;;;;;;;;;;;;;;;;;0,227577488;1;0;183;6;0,287937743;0,958041958;0,00372779
0;29;43000;0;;0;24;84000;0;1;1;0;0,024092549;0,024092549;0,975907451;-0,024387522;100;;;;;;;;;;;;;;;;;;;;0,227577488;1;0;184;6;0,284046693;0,958041958;0,00372779
0;19;70000;0;;1;19;26000;0;1;1;0;0,000652697;0,000652697;0,999347303;-0,00065291;100;;;;;;;;;;;;;;;;;;;;0,229809356;1;0;185;6;0,280155642;0,958041958;0
0;28;89000;0;;0;29;43000;0;1;1;0;0,017798069;0,017798069;0,982201931;-0,01795836;100;;;;;;;;;;;;;;;;;;;;0,236249366;0;1;185;7;0,280155642;0,951048951;0
0;34;43000;0;;0;19;70000;0;1;1;0;0,004512017;0,004512017;0,995487983;-0,004522227;100;;;;;;;;;;;;;;;;;;;;0,24277557;0;1;185;8;0,280155642;0,944055944;0
1;30;79000;0;;0;28;89000;0;1;1;0;0,071003119;0,071003119;0,928996881;-0,073649897;100;;;;;;;;;;;;;;;;;;;;0,243969299;0;1;185;9;0,280155642;0,937062937;0,003646159
1;20;36000;0;;0;34;43000;0;1;1;0;0,055942646;0,055942646;0,944057354;-0,057568358;100;;;;;;;;;;;;;;;;;;;;0,24631066;1;0;186;9;0,276264591;0,937062937;0,003646159
0;26;80000;0;;1;30;79000;0;1;1;0;0,057557087;0,057557087;0,942442913;-0,059279931;100;;;;;;;;;;;;;;;;;;;;0,249651639;1;0;187;9;0,272373541;0,937062937;0,003646159
0;35;22000;0;;1;20;36000;0;1;1;0;0,001190295;0,001190295;0,998809705;-0,001191004;100;;;;;;;;;;;;;;;;;;;;0,249651639;1;0;188;9;0,26848249;0,937062937;0,003646159
0;35;39000;0;;0;26;80000;0;1;1;0;0,033140692;0,033140692;0,966859308;-0,033702287;100;;;;;;;;;;;;;;;;;;;;0,250829767;1;0;189;9;0,26459144;0,937062937;0,003646159
0;49;74000;0;;0;35;22000;0;1;1;0;0,033759349;0,033759349;0,966240651;-0,034342355;100;;;;;;;;;;;;;;;;;;;;0,253253366;1;0;190;9;0,260700389;0,937062937;0,003646159
1;39;134000;1;;0;35;39000;0;1;1;0;0,060959134;0,060959134;0,939040866;-0,06289628;100;;;;;;;;;;;;;;;;;;;;0,257661771;1;0;191;9;0,256809339;0,937062937;0,003646159
1;41;71000;0;;0;49;74000;0;1;1;0;0,865105442;0,865105442;0,134894558;-2,003261858;0;;;;;;;;;;;;;;;;;;;;0,271846397;1;0;192;9;0,252918288;0,937062937;0
1;58;101000;1;;1;39;134000;1;0;1;1;0,792702331;0,792702331;0,207297669;-0,232307499;100;;;;;;;;;;;;;;;;;;;;0,272007417;0;1;192;10;0,252918288;0,93006993;0
1;47;47000;0;;1;41;71000;0;1;1;0;0,382118909;0,382118909;0,617881091;-0,48145925;100;;;;;;;;;;;;;;;;;;;;0,277898526;0;1;192;11;0,252918288;0,923076923;0,003591739
1;55;130000;1;;1;58;101000;1;0;1;1;0,990445583;0,990445583;0,009554417;-0,009600354;100;;;;;;;;;;;;;;;;;;;;0,277980137;1;0;193;11;0,249027237;0,923076923;0,003591739
1;52;114000;0;;1;47;47000;0;1;1;0;0,516659743;0,516659743;0,483340257;-0,727034407;0;;;;;;;;;;;;;;;;;;;;0,279078537;1;0;194;11;0,245136187;0,923076923;0,003591739
1;40;142000;1;;1;55;130000;1;0;1;1;0,993220421;0,993220421;0,006779579;-0,006802664;100;;;;;;;;;;;;;;;;;;;;0,279119447;1;0;195;11;0,241245136;0,923076923;0,003591739
1;46;22000;0;;1;52;114000;0;1;1;0;0,975709283;0,975709283;0,024290717;-3,71766101;0;;;;;;;;;;;;;;;;;;;;0,281507933;1;0;196;11;0,237354086;0,923076923;0
1;48;96000;1;;1;40;142000;1;0;1;1;0,866434084;0,866434084;0,133565916;-0,143369244;100;;;;;;;;;;;;;;;;;;;;0,281507933;0;1;196;12;0,237354086;0,916083916;0,003564529
0;52;150000;1;;1;46;22000;0;1;1;0;0,253253366;0,253253366;0,746746634;-0,29202933;100;;;;;;;;;;;;;;;;;;;;0,281754749;1;0;197;12;0,233463035;0,916083916;0,003564529
1;59;42000;0;;1;48;96000;1;0;1;1;0,889854072;0,889854072;0,110145928;-0,116697794;100;;;;;;;;;;;;;;;;;;;;0,289145815;1;0;198;12;0,229571984;0,916083916;0,003564529
0;35;58000;0;;0;52;150000;1;0;1;1;0,9952213;0,9952213;0,0047787;-0,004790154;100;;;;;;;;;;;;;;;;;;;;0,290312487;1;0;199;12;0,225680934;0,916083916;0,003564529
0;47;43000;0;;1;59;42000;0;1;1;0;0,938663992;0,938663992;0,061336008;-2,791388204;0;;;;;;;;;;;;;;;;;;;;0,290312487;1;0;200;12;0,221789883;0,916083916;0,003564529
1;60;108000;1;;0;35;58000;0;1;1;0;0,114835516;0,114835516;0,885164484;-0,121981793;100;;;;;;;;;;;;;;;;;;;;0,290312487;1;0;201;12;0,217898833;0,916083916;0,003564529
0;49;65000;0;;0;47;43000;0;1;1;0;0,56334339;0,56334339;0,43665661;-0,828608182;0;;;;;;;;;;;;;;;;;;;;0,292842062;1;0;202;12;0,214007782;0,916083916;0,003564529
0;40;78000;0;;1;60;108000;1;0;1;1;0,995368252;0,995368252;0,004631748;-0,004642508;100;;;;;;;;;;;;;;;;;;;;0,292884169;1;0;203;12;0,210116732;0,916083916;0,003564529
1;46;96000;0;;0;49;65000;0;1;1;0;0,822062968;0,822062968;0,177937032;-1,726325547;0;;;;;;;;;;;;;;;;;;;;0,294017479;1;0;204;12;0,206225681;0,916083916;0,003564529
0;59;143000;1;;0;40;78000;0;1;1;0;0,46789377;0,46789377;0,53210623;-0,630912129;100;;;;;;;;;;;;;;;;;;;;0,296608265;1;0;205;12;0,20233463;0,916083916;0,003564529
1;41;80000;0;;1;46;96000;0;1;1;0;0,834147662;0,834147662;0,165852338;-1,796657415;0;;;;;;;;;;;;;;;;;;;;0,297834953;1;0;206;12;0,19844358;0,916083916;0,003564529
0;35;91000;1;;0;59;143000;1;0;1;1;0,998821689;0,998821689;0,001178311;-0,001179006;100;;;;;;;;;;;;;;;;;;;;0,297834953;1;0;207;12;0,194552529;0,916083916;0,003564529
0;37;144000;1;;1;41;80000;0;1;1;0;0,461925482;0,461925482;0,538074518;-0,61975822;100;;;;;;;;;;;;;;;;;;;;0,300316873;1;0;208;12;0,190661479;0,916083916;0
0;60;102000;1;;0;35;91000;1;0;1;1;0,301595149;0,301595149;0,698404851;-1,198669726;0;;;;;;;;;;;;;;;;;;;;0,301595149;0;1;208;13;0,190661479;0,909090909;0,003537319
1;35;60000;0;;0;37;144000;1;0;1;1;0,827156663;0,827156663;0,172843337;-0,189761167;100;;;;;;;;;;;;;;;;;;;;0,301723648;1;0;209;13;0,186770428;0,909090909;0,003537319
0;37;53000;0;;0;60;102000;1;0;1;1;0,995870146;0,995870146;0,004129854;-0,004138406;100;;;;;;;;;;;;;;;;;;;;0,301723648;1;0;210;13;0,182879377;0,909090909;0
1;36;126000;1;;1;35;60000;0;1;1;0;0,090855502;0,090855502;0,909144498;-0,095251234;100;;;;;;;;;;;;;;;;;;;;0,301809332;0;1;210;14;0,182879377;0,902097902;0,003510109
0;56;133000;1;;0;37;53000;0;1;1;0;0,147979123;0,147979123;0,852020877;-0,160144249;100;;;;;;;;;;;;;;;;;;;;0,305554721;1;0;211;14;0,178988327;0,902097902;0
1;40;72000;0;;1;36;126000;1;0;1;1;0,583912187;0,583912187;0,416087813;-0,538004672;100;;;;;;;;;;;;;;;;;;;;0,308159437;0;1;211;15;0,178988327;0,895104895;0
1;42;80000;1;;0;56;133000;1;0;1;1;0,996554291;0,996554291;0,003445709;-0,003451659;100;;;;;;;;;;;;;;;;;;;;0,309369439;0;1;211;16;0,178988327;0,888111888;0,003455688
1;35;147000;1;;1;40;72000;0;1;1;0;0,336017534;0,336017534;0,663982466;-0,409499537;100;;;;;;;;;;;;;;;;;;;;0,316026369;1;0;212;16;0,175097276;0,888111888;0,003455688
0;39;42000;0;;1;42;80000;1;0;1;1;0,521081476;0,521081476;0,478918524;-0,651848866;100;;;;;;;;;;;;;;;;;;;;0,321234983;1;0;213;16;0,171206226;0,888111888;0
0;40;107000;1;;1;35;147000;1;0;1;1;0,704152301;0,704152301;0,295847699;-0,35076061;100;;;;;;;;;;;;;;;;;;;;0,328070785;0;1;213;17;0,171206226;0,881118881;0
0;49;86000;1;;0;39;42000;0;1;1;0;0,157432879;0,157432879;0,842567121;-0,171301952;100;;;;;;;;;;;;;;;;;;;;0,329366664;0;1;213;18;0,171206226;0,874125874;0,003401268
1;38;112000;0;;0;40;107000;1;0;1;1;0,71670847;0,71670847;0,28329153;-0,333086118;100;;;;;;;;;;;;;;;;;;;;0,336017534;1;0;214;18;0,167315175;0,874125874;0,003401268
0;46;79000;1;;0;49;86000;1;0;1;1;0,908516321;0,908516321;0,091483679;-0,095942427;100;;;;;;;;;;;;;;;;;;;;0,34007198;1;0;215;18;0,163424125;0,874125874;0
0;40;57000;0;;1;38;112000;0;1;1;0;0,575081996;0,575081996;0,424918004;-0,855859061;0;;;;;;;;;;;;;;;;;;;;0,348251098;0;1;215;19;0,163424125;0,867132867;0,003374058
1;37;80000;0;;0;46;79000;1;0;1;1;0,790783682;0,790783682;0,209216318;-0,234730822;100;;;;;;;;;;;;;;;;;;;;0,34963145;1;0;216;19;0,159533074;0,867132867;0
1;46;82000;0;;0;40;57000;0;1;1;0;0,290312487;0,290312487;0,709687513;-0,342930528;100;;;;;;;;;;;;;;;;;;;;0,349770166;0;1;216;20;0,159533074;0,86013986;0,003346848
1;53;143000;1;;1;37;80000;0;1;1;0;0,249651639;0,249651639;0,750348361;-0,287217699;100;;;;;;;;;;;;;;;;;;;;0,353809129;1;0;217;20;0,155642023;0,86013986;0,003346848
0;42;149000;1;;1;46;82000;0;1;1;0;0,751221183;0,751221183;0,248778817;-1,391191062;0;;;;;;;;;;;;;;;;;;;;0,358009247;1;0;218;20;0,151750973;0,86013986;0
0;38;59000;0;;1;53;143000;1;0;1;1;0,993219052;0,993219052;0,006780948;-0,006804043;100;;;;;;;;;;;;;;;;;;;;0,358149456;0;1;218;21;0,151750973;0,853146853;0,003319638
1;50;88000;1;;0;42;149000;1;0;1;1;0,949437593;0,949437593;0,050562407;-0,051885477;100;;;;;;;;;;;;;;;;;;;;0,360828777;1;0;219;21;0,147859922;0,853146853;0
1;56;104000;1;;0;38;59000;0;1;1;0;0,215020659;0,215020659;0,784979341;-0,242097879;100;;;;;;;;;;;;;;;;;;;;0,365206549;0;1;219;22;0,147859922;0,846153846;0,003292427
1;41;72000;0;;1;50;88000;1;0;1;1;0,906502633;0,906502633;0,093497367;-0,098161345;100;;;;;;;;;;;;;;;;;;;;0,370691449;1;0;220;22;0,143968872;0,846153846;0,003292427
1;51;146000;1;;1;56;104000;1;0;1;1;0,986299613;0,986299613;0,013700387;-0,013795103;100;;;;;;;;;;;;;;;;;;;;0,370691449;1;0;221;22;0,140077821;0,846153846;0
1;35;50000;0;;1;41;72000;0;1;1;0;0,390758981;0,390758981;0,609241019;-0,495541328;100;;;;;;;;;;;;;;;;;;;;0,370786318;0;1;221;23;0,140077821;0,839160839;0
1;57;122000;1;;1;51;146000;1;0;1;1;0,990264751;0,990264751;0,009735249;-0,009782947;100;;;;;;;;;;;;;;;;;;;;0,378992421;0;1;221;24;0,140077821;0,832167832;0,003238007
0;41;52000;0;;1;35;50000;0;1;1;0;0,064909727;0,064909727;0,935090273;-0,067112205;100;;;;;;;;;;;;;;;;;;;;0,382118909;1;0;222;24;0,13618677;0,832167832;0
1;35;97000;1;;1;57;122000;1;0;1;1;0,994344453;0,994344453;0,005655547;-0,0056716;100;;;;;;;;;;;;;;;;;;;;0,382214926;0;1;222;25;0,13618677;0,825174825;0
1;44;39000;0;;0;41;52000;0;1;1;0;0,301723648;0,301723648;0,698276352;-0,359140335;100;;;;;;;;;;;;;;;;;;;;0,383650655;0;1;222;26;0,13618677;0,818181818;0,003183587
0;37;52000;0;;1;35;97000;1;0;1;1;0,277898526;0,277898526;0,722101474;-1,280499247;0;;;;;;;;;;;;;;;;;;;;0,390758981;1;0;223;26;0,13229572;0,818181818;0,003183587
1;48;134000;1;;1;44;39000;0;1;1;0;0,281754749;0,281754749;0,718245251;-0,330944193;100;;;;;;;;;;;;;;;;;;;;0,390758981;1;0;224;26;0,128404669;0,818181818;0,003183587
1;37;146000;1;;0;37;52000;0;1;1;0;0,143443258;0,143443258;0,856556742;-0,154834715;100;;;;;;;;;;;;;;;;;;;;0,390758981;1;0;225;26;0,124513619;0,818181818;0
1;50;44000;0;;1;48;134000;1;0;1;1;0,969939352;0,969939352;0,030060648;-0,030521733;100;;;;;;;;;;;;;;;;;;;;0,396242071;0;1;225;27;0,124513619;0,811188811;0,003156377
1;52;90000;1;;1;37;146000;1;0;1;1;0,786616109;0,786616109;0,213383891;-0,240014941;100;;;;;;;;;;;;;;;;;;;;0,400828921;1;0;226;27;0,120622568;0,811188811;0
1;41;72000;0;;1;50;44000;0;1;1;0;0,661110809;0,661110809;0,338889191;-1,082082094;0;;;;;;;;;;;;;;;;;;;;0,401024265;0;1;226;28;0,120622568;0,804195804;0
0;40;57000;0;;1;52;90000;1;0;1;1;0,943666415;0,943666415;0,056333585;-0,057982549;100;;;;;;;;;;;;;;;;;;;;0,403969395;0;1;226;29;0,120622568;0,797202797;0
1;58;95000;1;;1;41;72000;0;1;1;0;0,390758981;0,390758981;0,609241019;-0,495541328;100;;;;;;;;;;;;;;;;;;;;0,405237175;0;1;226;30;0,120622568;0,79020979;0
1;45;131000;1;;0;40;57000;0;1;1;0;0,290312487;0,290312487;0,709687513;-0,342930528;100;;;;;;;;;;;;;;;;;;;;0,412822757;0;1;226;31;0,120622568;0,783216783;0
1;35;77000;0;;1;58;95000;1;0;1;1;0,988138256;0,988138256;0,011861744;-0,011932656;100;;;;;;;;;;;;;;;;;;;;0,421683275;0;1;226;32;0,120622568;0,776223776;0
0;36;144000;1;;1;45;131000;1;0;1;1;0,934243884;0,934243884;0,065756116;-0,068017757;100;;;;;;;;;;;;;;;;;;;;0,422768708;0;1;226;33;0,120622568;0,769230769;0
1;55;125000;1;;1;35;77000;0;1;1;0;0,156601731;0,156601731;0,843398269;-0,17031599;100;;;;;;;;;;;;;;;;;;;;0,422818328;0;1;226;34;0,120622568;0,762237762;0
1;35;72000;0;;0;36;144000;1;0;1;1;0,790615436;0,790615436;0,209384564;-0,234943604;100;;;;;;;;;;;;;;;;;;;;0,430195734;0;1;226;35;0,120622568;0,755244755;0,002938696
0;48;90000;1;;1;55;125000;1;0;1;1;0,991876453;0,991876453;0,008123547;-0,008156723;100;;;;;;;;;;;;;;;;;;;;0,430444956;1;0;227;35;0,116731518;0,755244755;0,002938696
1;42;108000;1;;1;35;72000;0;1;1;0;0,134012267;0,134012267;0,865987733;-0,143884536;100;;;;;;;;;;;;;;;;;;;;0,440797657;1;0;228;35;0,112840467;0,755244755;0,002938696
0;40;75000;0;;0;48;90000;1;0;1;1;0,900648198;0,900648198;0,099351802;-0,104640554;100;;;;;;;;;;;;;;;;;;;;0,445168115;1;0;229;35;0,108949416;0,755244755;0
0;37;74000;0;;1;42;108000;1;0;1;1;0,751145177;0,751145177;0,248854823;-0,286156335;100;;;;;;;;;;;;;;;;;;;;0,448597177;0;1;229;36;0,108949416;0,748251748;0,002911485
1;47;144000;1;;0;40;75000;0;1;1;0;0,440797657;0,440797657;0,559202343;-0,581243898;100;;;;;;;;;;;;;;;;;;;;0,449647701;1;0;230;36;0,105058366;0,748251748;0
0;40;61000;0;;0;37;74000;0;1;1;0;0,271846397;0,271846397;0,728153603;-0,317243259;100;;;;;;;;;;;;;;;;;;;;0,454034661;0;1;230;37;0,105058366;0,741258741;0,002884275
1;43;133000;0;;1;47;144000;1;0;1;1;0,973440756;0,973440756;0,026559244;-0,026918312;100;;;;;;;;;;;;;;;;;;;;0,458883128;1;0;231;37;0,101167315;0,741258741;0,002884275
1;59;76000;1;;0;40;61000;0;1;1;0;0,321234983;0,321234983;0,678765017;-0,387480284;100;;;;;;;;;;;;;;;;;;;;0,461925482;1;0;232;37;0,097276265;0,741258741;0
0;60;42000;1;;1;43;133000;0;1;1;0;0,904885623;0,904885623;0,095114377;-2,352675144;0;;;;;;;;;;;;;;;;;;;;0,46663435;0;1;232;38;0,097276265;0,734265734;0,002857065
0;39;106000;1;;1;59;76000;1;0;1;1;0,981423213;0,981423213;0,018576787;-0,018751503;100;;;;;;;;;;;;;;;;;;;;0,46789377;1;0;233;38;0,093385214;0,734265734;0,002857065
1;57;26000;1;;0;60;42000;1;0;1;1;0,964391168;0,964391168;0,035608832;-0,036258291;100;;;;;;;;;;;;;;;;;;;;0,467944392;1;0;234;38;0,089494163;0,734265734;0,002857065
0;57;74000;1;;0;39;106000;1;0;1;1;0,658087279;0,658087279;0,341912721;-0,418417714;100;;;;;;;;;;;;;;;;;;;;0,467944392;1;0;235;38;0,085603113;0,734265734;0,002857065
0;38;71000;0;;1;57;26000;1;0;1;1;0,841721446;0,841721446;0,158278554;-0,172306143;100;;;;;;;;;;;;;;;;;;;;0,472458005;1;0;236;38;0,081712062;0,734265734;0,002857065
0;49;88000;1;;0;57;74000;1;0;1;1;0,977114788;0,977114788;0,022885212;-0,023151144;100;;;;;;;;;;;;;;;;;;;;0,475561981;1;0;237;38;0,077821012;0,734265734;0
1;52;38000;1;;0;38;71000;0;1;1;0;0,297834953;0,297834953;0,702165047;-0,353586793;100;;;;;;;;;;;;;;;;;;;;0,481701067;0;1;237;39;0,077821012;0,727272727;0,002829855
1;50;36000;1;;0;49;88000;1;0;1;1;0,914396228;0,914396228;0,085603772;-0,089491291;100;;;;;;;;;;;;;;;;;;;;0,51198139;1;0;238;39;0,073929961;0,727272727;0,002829855
1;59;88000;1;;1;52;38000;1;0;1;1;0,715762843;0,715762843;0,284237157;-0,334406392;100;;;;;;;;;;;;;;;;;;;;0,516659743;1;0;239;39;0,070038911;0,727272727;0
0;35;61000;0;;1;50;36000;1;0;1;1;0,593081463;0,593081463;0,406918537;-0,522423514;100;;;;;;;;;;;;;;;;;;;;0,521081476;0;1;239;40;0,070038911;0,72027972;0
0;37;70000;1;;1;59;88000;1;0;1;1;0,987923994;0,987923994;0,012076006;-0,012149513;100;;;;;;;;;;;;;;;;;;;;0,531782035;0;1;239;41;0,070038911;0,713286713;0
1;52;21000;1;;0;35;61000;0;1;1;0;0,126424518;0,126424518;0,873575482;-0,135160739;100;;;;;;;;;;;;;;;;;;;;0,531782035;0;1;239;42;0,070038911;0,706293706;0
0;48;141000;0;;0;37;70000;1;0;1;1;0,243969299;0,243969299;0,756030701;-1,410712887;0;;;;;;;;;;;;;;;;;;;;0,534830005;0;1;239;43;0,070038911;0,699300699;0
1;37;93000;1;;1;52;21000;1;0;1;1;0,575429757;0,575429757;0,424570243;-0,552638114;100;;;;;;;;;;;;;;;;;;;;0,534880589;0;1;239;44;0,070038911;0,692307692;0,002693804
1;37;62000;0;;0;48;141000;0;1;1;0;0,98309254;0,98309254;0,01690746;-4,080000355;0;;;;;;;;;;;;;;;;;;;;0,536139051;1;0;240;44;0,06614786;0,692307692;0
1;48;138000;1;;1;37;93000;1;0;1;1;0,348251098;0,348251098;0,651748902;-1,054831514;0;;;;;;;;;;;;;;;;;;;;0,540692544;0;1;240;45;0,06614786;0,685314685;0
0;41;79000;0;;1;37;62000;0;1;1;0;0,147240218;0,147240218;0,852759782;-0,159277386;100;;;;;;;;;;;;;;;;;;;;0,543883601;0;1;240;46;0,06614786;0,678321678;0
1;37;78000;1;;1;48;138000;1;0;1;1;0,97391037;0,97391037;0,02608963;-0,026436002;100;;;;;;;;;;;;;;;;;;;;0,545390494;0;1;240;47;0,06614786;0,671328671;0
0;39;134000;1;;0;41;79000;0;1;1;0;0,536139051;0,536139051;0,463860949;-0,768170451;0;;;;;;;;;;;;;;;;;;;;0,545390494;0;1;240;48;0,06614786;0,664335664;0
0;49;89000;1;;1;37;78000;1;0;1;1;0,236249366;0,236249366;0,763750634;-1,442867397;0;;;;;;;;;;;;;;;;;;;;0,552908291;0;1;240;49;0,06614786;0,657342657;0
0;55;39000;1;;0;39;134000;1;0;1;1;0,842259302;0,842259302;0,157740698;-0,171667353;100;;;;;;;;;;;;;;;;;;;;0,561948303;0;1;240;50;0,06614786;0,65034965;0,002530543
0;37;77000;0;;0;49;89000;1;0;1;1;0,91720595;0,91720595;0,08279405;-0,086423241;100;;;;;;;;;;;;;;;;;;;;0,56334339;1;0;241;50;0,062256809;0,65034965;0
1;35;57000;0;;0;55;39000;1;0;1;1;0,881293088;0,881293088;0,118706912;-0,126365032;100;;;;;;;;;;;;;;;;;;;;0,566003857;0;1;241;51;0,062256809;0,643356643;0
1;36;63000;0;;0;37;77000;0;1;1;0;0,294017479;0,294017479;0,705982521;-0,3481648;100;;;;;;;;;;;;;;;;;;;;0,572086751;0;1;241;52;0,062256809;0,636363636;0,002476123
0;42;73000;1;;1;35;57000;0;1;1;0;0,082220141;0,082220141;0,917779859;-0,085797722;100;;;;;;;;;;;;;;;;;;;;0,575081996;1;0;242;52;0,058365759;0,636363636;0
1;43;112000;1;;1;36;63000;0;1;1;0;0,123798514;0,123798514;0,876201486;-0,132159208;100;;;;;;;;;;;;;;;;;;;;0,575429757;0;1;242;53;0,058365759;0,629370629;0
0;45;79000;0;;0;42;73000;1;0;1;1;0,540692544;0,540692544;0,459307456;-0,614904472;100;;;;;;;;;;;;;;;;;;;;0,583912187;0;1;242;54;0,058365759;0,622377622;0
0;46;117000;1;;1;43;112000;1;0;1;1;0,81569724;0,81569724;0,18430276;-0,203712022;100;;;;;;;;;;;;;;;;;;;;0,583961586;0;1;242;55;0,058365759;0,615384615;0
1;58;38000;1;;0;45;79000;0;1;1;0;0,748887237;0,748887237;0,251112763;-1,381853185;0;;;;;;;;;;;;;;;;;;;;0,593081463;0;1;242;56;0,058365759;0,608391608;0
0;48;74000;1;;0;46;117000;1;0;1;1;0,937872248;0,937872248;0,062127752;-0,064141535;100;;;;;;;;;;;;;;;;;;;;0,594154814;0;1;242;57;0,058365759;0,601398601;0,002340072
1;37;137000;1;;1;58;38000;1;0;1;1;0,912564416;0,912564416;0,087435584;-0,091496603;100;;;;;;;;;;;;;;;;;;;;0,603057069;1;0;243;57;0,054474708;0,601398601;0
0;37;79000;1;;0;48;74000;1;0;1;1;0,834986542;0,834986542;0,165013458;-0,180339671;100;;;;;;;;;;;;;;;;;;;;0,603203076;0;1;243;58;0,054474708;0,594405594;0
1;40;60000;0;;1;37;137000;1;0;1;1;0,726448318;0,726448318;0,273551682;-0,319587936;100;;;;;;;;;;;;;;;;;;;;0,607386163;0;1;243;59;0,054474708;0,587412587;0
0;42;54000;0;;0;37;79000;1;0;1;1;0,309369439;0,309369439;0,690630561;-1,173219122;0;;;;;;;;;;;;;;;;;;;;0,610350991;0;1;243;60;0,054474708;0,58041958;0
1;51;134000;0;;1;40;60000;0;1;1;0;0,24631066;0,24631066;0,75368934;-0,282775012;100;;;;;;;;;;;;;;;;;;;;0,614458714;0;1;243;61;0,054474708;0,573426573;0
1;47;113000;1;;0;42;54000;0;1;1;0;0,370691449;0,370691449;0,629308551;-0,463133601;100;;;;;;;;;;;;;;;;;;;;0,616281841;0;1;243;62;0,054474708;0,566433566;0,002204022
0;36;125000;1;;1;51;134000;0;1;1;0;0,985004925;0,985004925;0,014995075;-4,200033452;0;;;;;;;;;;;;;;;;;;;;0,645846613;1;0;244;62;0,050583658;0,566433566;0
1;38;50000;0;;1;47;113000;1;0;1;1;0,92213982;0,92213982;0,07786018;-0,081058418;100;;;;;;;;;;;;;;;;;;;;0,653906743;0;1;244;63;0,050583658;0,559440559;0
1;42;70000;0;;0;36;125000;1;0;1;1;0,653906743;0,653906743;0,346093257;-0,424790533;100;;;;;;;;;;;;;;;;;;;;0,658087279;0;1;244;64;0,050583658;0,552447552;0,002149601
0;39;96000;1;;1;38;50000;0;1;1;0;0,123820571;0,123820571;0,876179429;-0,132184381;100;;;;;;;;;;;;;;;;;;;;0,661110809;1;0;245;64;0,046692607;0,552447552;0,002149601
1;38;50000;0;;1;42;70000;0;1;1;0;0,430444956;0,430444956;0,569555044;-0,562899847;100;;;;;;;;;;;;;;;;;;;;0,692877471;1;0;246;64;0,042801556;0,552447552;0
1;49;141000;1;;0;39;96000;1;0;1;1;0,572086751;0,572086751;0,427913249;-0,558464636;100;;;;;;;;;;;;;;;;;;;;0,704152301;0;1;246;65;0,042801556;0,545454545;0
1;39;79000;0;;1;38;50000;0;1;1;0;0,123820571;0,123820571;0,876179429;-0,132184381;100;;;;;;;;;;;;;;;;;;;;0,715762843;0;1;246;66;0,042801556;0,538461538;0
1;39;75000;1;;1;49;141000;1;0;1;1;0,981404669;0,981404669;0,018595331;-0,018770398;100;;;;;;;;;;;;;;;;;;;;0,71670847;0;1;246;67;0,042801556;0,531468531;0
1;54;104000;1;;1;39;79000;0;1;1;0;0,34007198;0,34007198;0,65992802;-0,415624511;100;;;;;;;;;;;;;;;;;;;;0,723158734;0;1;246;68;0,042801556;0,524475524;0
0;35;55000;0;;1;39;75000;1;0;1;1;0,308159437;0,308159437;0,691840563;-1,177137978;0;;;;;;;;;;;;;;;;;;;;0,726448318;0;1;246;69;0,042801556;0,517482517;0
0;45;32000;1;;1;54;104000;1;0;1;1;0,978174249;0,978174249;0,021825751;-0,022067456;100;;;;;;;;;;;;;;;;;;;;0,733947643;0;1;246;70;0,042801556;0,51048951;0,001986341
0;36;60000;0;;0;35;55000;0;1;1;0;0,104182154;0,104182154;0,895817846;-0,110018183;100;;;;;;;;;;;;;;;;;;;;0,748887237;1;0;247;70;0,038910506;0,51048951;0
1;52;138000;1;;0;45;32000;1;0;1;1;0,349770166;0,349770166;0,650229834;-1,050479009;0;;;;;;;;;;;;;;;;;;;;0,751145177;0;1;247;71;0,038910506;0,503496503;0,00195913
1;53;82000;1;;0;36;60000;0;1;1;0;0,150278182;0,150278182;0,849721818;-0,162846256;100;;;;;;;;;;;;;;;;;;;;0,751221183;1;0;248;71;0,035019455;0,503496503;0
0;41;52000;0;;1;52;138000;1;0;1;1;0,989724447;0,989724447;0,010275553;-0,010328711;100;;;;;;;;;;;;;;;;;;;;0,775188004;0;1;248;72;0,035019455;0,496503497;0
1;48;30000;1;;1;53;82000;1;0;1;1;0,940694798;0,940694798;0,059305202;-0,06113653;100;;;;;;;;;;;;;;;;;;;;0,784622073;0;1;248;73;0,035019455;0,48951049;0
1;48;131000;1;;0;41;52000;0;1;1;0;0,301723648;0,301723648;0,698276352;-0,359140335;100;;;;;;;;;;;;;;;;;;;;0,786616109;0;1;248;74;0,035019455;0,482517483;0
1;41;60000;0;;1;48;30000;1;0;1;1;0,421683275;0,421683275;0,578316725;-0,863500781;0;;;;;;;;;;;;;;;;;;;;0,790615436;0;1;248;75;0,035019455;0,475524476;0
0;41;72000;0;;1;48;131000;1;0;1;1;0,966582697;0,966582697;0,033417303;-0,033988421;100;;;;;;;;;;;;;;;;;;;;0,790783682;0;1;248;76;0,035019455;0,468531469;0
1;42;75000;0;;1;41;60000;0;1;1;0;0,292884169;0,292884169;0,707115831;-0,346560792;100;;;;;;;;;;;;;;;;;;;;0,792702331;0;1;248;77;0,035019455;0,461538462;0
0;36;118000;1;;0;41;72000;0;1;1;0;0,472458005;0,472458005;0,527541995;-0,639526805;100;;;;;;;;;;;;;;;;;;;;0,81569724;0;1;248;78;0,035019455;0,454545455;0,001768659
1;47;107000;1;;1;42;75000;0;1;1;0;0,475561981;0,475561981;0,524438019;-0,64542803;100;;;;;;;;;;;;;;;;;;;;0,822062968;1;0;249;78;0,031128405;0,454545455;0
0;38;51000;0;;0;36;118000;1;0;1;1;0,594154814;0,594154814;0,405845186;-0,520615364;100;;;;;;;;;;;;;;;;;;;;0,827156663;0;1;249;79;0,031128405;0,447552448;0,001741449
1;48;119000;1;;1;47;107000;1;0;1;1;0,904920617;0,904920617;0,095079383;-0,099908055;100;;;;;;;;;;;;;;;;;;;;0,834147662;1;0;250;79;0,027237354;0,447552448;0
0;42;65000;0;;0;38;51000;0;1;1;0;0,169883547;0,169883547;0,830116453;-0,186189283;100;;;;;;;;;;;;;;;;;;;;0,834986542;0;1;250;80;0,027237354;0,440559441;0
0;40;65000;0;;1;48;119000;1;0;1;1;0,949184355;0,949184355;0,050815645;-0,052152237;100;;;;;;;;;;;;;;;;;;;;0,839919124;0;1;250;81;0,027237354;0,433566434;0
0;57;60000;1;;0;42;65000;0;1;1;0;0,467944392;0,467944392;0,532055608;-0,631007269;100;;;;;;;;;;;;;;;;;;;;0,841721446;0;1;250;82;0,027237354;0,426573427;0
1;36;54000;0;;0;40;65000;0;1;1;0;0,353809129;0,353809129;0,646190871;-0,436660353;100;;;;;;;;;;;;;;;;;;;;0,842259302;0;1;250;83;0,027237354;0,41958042;0
0;58;144000;1;;0;57;60000;1;0;1;1;0,962454618;0,962454618;0,037545382;-0,038268364;100;;;;;;;;;;;;;;;;;;;;0,857995302;0;1;250;84;0,027237354;0,412587413;0,001605398
0;35;79000;0;;1;36;54000;0;1;1;0;0,092380323;0,092380323;0,907619677;-0,096929846;100;;;;;;;;;;;;;;;;;;;;0,865105442;1;0;251;84;0,023346304;0,412587413;0
1;38;55000;0;;0;58;144000;1;0;1;1;0,998560424;0,998560424;0,001439576;-0,001440613;100;;;;;;;;;;;;;;;;;;;;0,866434084;0;1;251;85;0,023346304;0,405594406;0
0;39;122000;1;;0;35;79000;0;1;1;0;0,218060013;0,218060013;0,781939987;-0,245977284;100;;;;;;;;;;;;;;;;;;;;0,87282611;0;1;251;86;0,023346304;0,398601399;0
1;53;104000;1;;1;38;55000;0;1;1;0;0,144979705;0,144979705;0,855020295;-0,156630074;100;;;;;;;;;;;;;;;;;;;;0,881293088;0;1;251;87;0,023346304;0,391608392;0
0;35;75000;0;;0;39;122000;1;0;1;1;0,775188004;0,775188004;0,224811996;-0,254649693;100;;;;;;;;;;;;;;;;;;;;0,889854072;0;1;251;88;0,023346304;0,384615385;0
1;38;65000;0;;1;53;104000;1;0;1;1;0,972498498;0,972498498;0,027501502;-0,027886748;100;;;;;;;;;;;;;;;;;;;;0,900648198;0;1;251;89;0,023346304;0,377622378;0,001469348
1;47;51000;1;;0;35;75000;0;1;1;0;0,19422732;0,19422732;0,80577268;-0,215953611;100;;;;;;;;;;;;;;;;;;;;0,904885623;1;0;252;89;0,019455253;0,377622378;0
0;47;105000;1;;1;38;65000;0;1;1;0;0,196215204;0,196215204;0,803784796;-0,218423712;100;;;;;;;;;;;;;;;;;;;;0,904920617;0;1;252;90;0,019455253;0,370629371;0
1;41;63000;0;;1;47;51000;1;0;1;1;0,552908291;0,552908291;0,447091709;-0,592563131;100;;;;;;;;;;;;;;;;;;;;0,90502553;0;1;252;91;0,019455253;0,363636364;0
0;53;72000;1;;0;47;105000;1;0;1;1;0,925124118;0,925124118;0,074875882;-0,077827369;100;;;;;;;;;;;;;;;;;;;;0,906502633;0;1;252;92;0,019455253;0,356643357;0
1;54;108000;1;;1;41;63000;0;1;1;0;0,316026369;0,316026369;0,683973631;-0,379835913;100;;;;;;;;;;;;;;;;;;;;0,908516321;0;1;252;93;0,019455253;0,34965035;0
0;39;77000;0;;0;53;72000;1;0;1;1;0,938966287;0,938966287;0,061033713;-0,062975703;100;;;;;;;;;;;;;;;;;;;;0,912564416;0;1;252;94;0,019455253;0,342657343;0
0;38;61000;0;;1;54;108000;1;0;1;1;0,981078657;0,981078657;0,018921343;-0,019102643;100;;;;;;;;;;;;;;;;;;;;0,914396228;0;1;252;95;0,019455253;0,335664336;0
1;38;113000;1;;0;39;77000;0;1;1;0;0,400828921;0,400828921;0,599171079;-0,512208114;100;;;;;;;;;;;;;;;;;;;;0,91720595;0;1;252;96;0,019455253;0,328671329;0
0;37;75000;0;;0;38;61000;0;1;1;0;0,227577488;0,227577488;0,772422512;-0,258223584;100;;;;;;;;;;;;;;;;;;;;0,919886583;0;1;252;97;0,019455253;0,321678322;0
1;42;90000;1;;1;38;113000;1;0;1;1;0,583961586;0,583961586;0,416038414;-0,537920076;100;;;;;;;;;;;;;;;;;;;;0,92213982;0;1;252;98;0,019455253;0,314685315;0
1;37;57000;0;;0;37;75000;0;1;1;0;0,279119447;0,279119447;0,720880553;-0,327281823;100;;;;;;;;;;;;;;;;;;;;0,925124118;0;1;252;99;0,019455253;0,307692308;0
0;36;99000;1;;1;42;90000;1;0;1;1;0,610350991;0,610350991;0,389649009;-0,493721092;100;;;;;;;;;;;;;;;;;;;;0,934243884;0;1;252;100;0,019455253;0,300699301;0
0;60;34000;1;;1;37;57000;0;1;1;0;0,125799712;0,125799712;0,874200288;-0,134445767;100;;;;;;;;;;;;;;;;;;;;0,935434267;0;1;252;101;0,019455253;0,293706294;0
0;54;70000;1;;0;36;99000;1;0;1;1;0,422818328;0,422818328;0,577181672;-0,860812678;0;;;;;;;;;;;;;;;;;;;;0,937517269;0;1;252;102;0,019455253;0,286713287;0
1;41;72000;0;;0;60;34000;1;0;1;1;0,95290614;0,95290614;0,04709386;-0,04823887;100;;;;;;;;;;;;;;;;;;;;0,937872248;0;1;252;103;0,019455253;0,27972028;0,001088406
0;40;71000;1;;0;54;70000;1;0;1;1;0,947719753;0,947719753;0,052280247;-0,05369644;100;;;;;;;;;;;;;;;;;;;;0,938663992;1;0;253;103;0,015564202;0,27972028;0
0;42;54000;0;;1;41;72000;0;1;1;0;0,390758981;0,390758981;0,609241019;-0,495541328;100;;;;;;;;;;;;;;;;;;;;0,938966287;0;1;253;104;0,015564202;0,272727273;0
0;43;129000;1;;0;40;71000;1;0;1;1;0,405237175;0,405237175;0,594762825;-0,903282767;0;;;;;;;;;;;;;;;;;;;;0,940694798;0;1;253;105;0,015564202;0,265734266;0
1;53;34000;1;;0;42;54000;0;1;1;0;0,370691449;0,370691449;0,629308551;-0,463133601;100;;;;;;;;;;;;;;;;;;;;0,943666415;0;1;253;106;0,015564202;0,258741259;0
1;47;50000;1;;0;43;129000;1;0;1;1;0,919886583;0,919886583;0,080113417;-0,083504896;100;;;;;;;;;;;;;;;;;;;;0,947719753;0;1;253;107;0,015564202;0,251748252;0
1;42;79000;0;;1;53;34000;1;0;1;1;0,733947643;0,733947643;0,266052357;-0,309317583;100;;;;;;;;;;;;;;;;;;;;0,949184355;0;1;253;108;0,015564202;0,244755245;0
0;42;104000;1;;1;47;50000;1;0;1;1;0,543883601;0,543883601;0,456116399;-0,609020023;100;;;;;;;;;;;;;;;;;;;;0,949437593;0;1;253;109;0,015564202;0,237762238;0
1;59;29000;1;;1;42;79000;0;1;1;0;0,51198139;0,51198139;0,48801861;-0,717401738;0;;;;;;;;;;;;;;;;;;;;0,952887887;0;1;253;110;0,015564202;0,230769231;0
1;58;47000;1;;0;42;104000;1;0;1;1;0,784622073;0,784622073;0,215377927;-0,242553112;100;;;;;;;;;;;;;;;;;;;;0,95290614;0;1;253;111;0,015564202;0,223776224;0
0;46;88000;1;;1;59;29000;1;0;1;1;0,90502553;0,90502553;0,09497447;-0,099792126;100;;;;;;;;;;;;;;;;;;;;0,95733705;0;1;253;112;0,015564202;0,216783217;0
0;38;71000;0;;1;58;47000;1;0;1;1;0,935434267;0,935434267;0,064565733;-0,066744401;100;;;;;;;;;;;;;;;;;;;;0,962454618;0;1;253;113;0,015564202;0,20979021;0
1;54;26000;1;;0;46;88000;1;0;1;1;0,839919124;0,839919124;0,160080876;-0,174449673;100;;;;;;;;;;;;;;;;;;;;0,964391168;0;1;253;114;0,015564202;0,202797203;0
1;60;46000;1;;0;38;71000;0;1;1;0;0,297834953;0,297834953;0,702165047;-0,353586793;100;;;;;;;;;;;;;;;;;;;;0,964391168;0;1;253;115;0,015564202;0,195804196;0
0;60;83000;1;;1;54;26000;1;0;1;1;0,723158734;0,723158734;0,276841266;-0,324126531;100;;;;;;;;;;;;;;;;;;;;0,966582697;0;1;253;116;0,015564202;0,188811189;0
1;39;73000;0;;1;60;46000;1;0;1;1;0,95733705;0,95733705;0,04266295;-0,043599755;100;;;;;;;;;;;;;;;;;;;;0,969939352;0;1;253;117;0,015564202;0,181818182;0
0;59;130000;1;;0;60;83000;1;0;1;1;0,991780497;0,991780497;0,008219503;-0,008253469;100;;;;;;;;;;;;;;;;;;;;0,972498498;0;1;253;118;0,015564202;0,174825175;0
1;37;80000;0;;1;39;73000;0;1;1;0;0,292842062;0,292842062;0,707157938;-0,346501246;100;;;;;;;;;;;;;;;;;;;;0,973440756;0;1;253;119;0,015564202;0,167832168;0
1;46;32000;1;;0;59;130000;1;0;1;1;0,998109004;0,998109004;0,001890996;-0,001892787;100;;;;;;;;;;;;;;;;;;;;0,97391037;0;1;253;120;0,015564202;0,160839161;0,000625833
1;46;74000;0;;1;37;80000;0;1;1;0;0,249651639;0,249651639;0,750348361;-0,287217699;100;;;;;;;;;;;;;;;;;;;;0,975709283;1;0;254;120;0,011673152;0,160839161;0
1;42;53000;0;;1;46;32000;1;0;1;1;0,328070785;0,328070785;0,671929215;-1,114525887;0;;;;;;;;;;;;;;;;;;;;0,977114788;0;1;254;121;0,011673152;0,153846154;0
0;41;87000;1;;1;46;74000;0;1;1;0;0,692877471;0,692877471;0,307122529;-1,180508492;0;;;;;;;;;;;;;;;;;;;;0,978174249;0;1;254;122;0,011673152;0,146853147;0
1;58;23000;1;;1;42;53000;0;1;1;0;0,289145815;0,289145815;0,710854185;-0,341287954;100;;;;;;;;;;;;;;;;;;;;0,981078657;0;1;254;123;0,011673152;0,13986014;0
0;42;64000;0;;0;41;87000;1;0;1;1;0,607386163;0,607386163;0,392613837;-0,498590507;100;;;;;;;;;;;;;;;;;;;;0,981404669;0;1;254;124;0,011673152;0,132867133;0
0;48;33000;1;;1;58;23000;1;0;1;1;0,857995302;0,857995302;0,142004698;-0,153156654;100;;;;;;;;;;;;;;;;;;;;0,981423213;0;1;254;125;0,011673152;0,125874126;0,000489783
1;44;139000;1;;0;42;64000;0;1;1;0;0,458883128;0,458883128;0,541116872;-0,614119993;100;;;;;;;;;;;;;;;;;;;;0,98309254;1;0;255;125;0,007782101;0,125874126;0,000489783
0;49;28000;1;;0;48;33000;1;0;1;1;0,531782035;0,531782035;0,468217965;-0,631521583;100;;;;;;;;;;;;;;;;;;;;0,985004925;1;0;256;125;0,003891051;0,125874126;0,000489783
1;57;33000;1;;1;44;139000;1;0;1;1;0,937517269;0,937517269;0,062482731;-0,064520101;100;;;;;;;;;;;;;;;;;;;;0,985545355;1;0;257;125;0;0,125874126;0
0;56;60000;1;;0;49;28000;1;0;1;1;0,545390494;0,545390494;0,454609506;-0,606253238;100;;;;;;;;;;;;;;;;;;;;0,986299613;0;1;257;126;0;0,118881119;0
1;49;39000;1;;1;57;33000;1;0;1;1;0,87282611;0,87282611;0,12717389;-0,136018929;100;;;;;;;;;;;;;;;;;;;;0,987923994;0;1;257;127;0;0,111888112;0
0;39;71000;0;;0;56;60000;1;0;1;1;0,952887887;0,952887887;0,047112113;-0,048258024;100;;;;;;;;;;;;;;;;;;;;0,988138256;0;1;257;128;0;0,104895105;0
0;47;34000;1;;1;49;39000;1;0;1;1;0,561948303;0,561948303;0,438051697;-0,576345421;100;;;;;;;;;;;;;;;;;;;;0,989724447;0;1;257;129;0;0,097902098;0
1;48;35000;1;;0;39;71000;0;1;1;0;0,34963145;0,34963145;0,65036855;-0,430216077;100;;;;;;;;;;;;;;;;;;;;0,990264751;0;1;257;130;0;0,090909091;0
0;48;33000;1;;0;47;34000;1;0;1;1;0,481701067;0,481701067;0,518298933;-0,730431551;0;;;;;;;;;;;;;;;;;;;;0,990445583;0;1;257;131;0;0,083916084;0
0;47;23000;1;;1;48;35000;1;0;1;1;0,46663435;0,46663435;0,53336565;-0,762209304;0;;;;;;;;;;;;;;;;;;;;0,991780497;0;1;257;132;0;0,076923077;0
1;45;45000;1;;0;48;33000;1;0;1;1;0,531782035;0,531782035;0,468217965;-0,631521583;100;;;;;;;;;;;;;;;;;;;;0,991876453;0;1;257;133;0;0,06993007;0
0;60;42000;1;;0;47;23000;1;0;1;1;0,383650655;0,383650655;0,616349345;-0,958022892;0;;;;;;;;;;;;;;;;;;;;0,993219052;0;1;257;134;0;0,062937063;0
1;39;59000;0;;1;45;45000;1;0;1;1;0,382214926;0,382214926;0,617785074;-0,961772194;0;;;;;;;;;;;;;;;;;;;;0,993220421;0;1;257;135;0;0,055944056;0
1;46;41000;1;;0;60;42000;1;0;1;1;0,964391168;0,964391168;0,035608832;-0,036258291;100;;;;;;;;;;;;;;;;;;;;0,994344453;0;1;257;136;0;0,048951049;0
0;51;23000;1;;1;39;59000;0;1;1;0;0,199120987;0,199120987;0,800879013;-0,222045389;100;;;;;;;;;;;;;;;;;;;;0,9952213;0;1;257;137;0;0,041958042;0
1;50;20000;1;;1;46;41000;1;0;1;1;0,403969395;0,403969395;0,596030605;-0,906416159;0;;;;;;;;;;;;;;;;;;;;0,995368252;0;1;257;138;0;0,034965035;0
0;36;33000;0;;0;51;23000;1;0;1;1;0,616281841;0,616281841;0,383718159;-0,484050887;100;;;;;;;;;;;;;;;;;;;;0,995870146;0;1;257;139;0;0,027972028;0
1;49;36000;1;;1;50;20000;1;0;1;1;0,448597177;0,448597177;0,551402823;-0,801629951;0;;;;;;;;;;;;;;;;;;;;0,996554291;0;1;257;140;0;0,020979021;0
;;;;;0;36;33000;0;1;1;0;0,062016433;0,062016433;0,937983567;-0,064022849;100;;;;;;;;;;;;;;;;;;;;0,998109004;0;1;257;141;0;0,013986014;0
;;;;;1;49;36000;1;0;1;1;0,534880589;0,534880589;0,465119411;-0,625711755;100;;;;;;;;;;;;;;;;;;;;0,998560424;0;1;257;142;0;0,006993007;0
;;;;;;;;143;257;400;;;143;257;-137,9216127;85,25;;;;;;;;;;;;;;;;;;;;0,998821689;0;1;257;143;0;0;0
;;;;;;;;;;;;;;;;;;;;;;;;;;;;;;;;;;;;;;;;;;;0,927403336
;;;;;;coeff b;s.e.;Wald;p-value;exp(b);lower;upper;;;;;;;;;;;;;;;;;;;;;;;;;;;;;;;
;;;;;Intercept;-12,44979075;1,309163928;90,43489594;1,91165E-21;3,91854E-06;;;;;;;;;;;;;;;;;;;;;;;;;;;;;;;;;
;;;;;Gender;-0,333843388;0,305227002;1,19629877;0,274062692;0,716165933;0,393734947;1,302636833;;;;;;;;;;;;;;;;;;;;;;;;;;;;;;;
;;;;;Age;0,236969401;0,026377215;80,70987406;2,61413E-19;1,267402336;1,203544568;1,334648274;;;;;;;;;;;;;;;;;;;;;;;;;;;;;;;
;;;;;EstimatedSalary;3,64412E-05;5,47288E-06;44,33566681;2,7663E-11;1,000036442;1,000025715;1,000047169;;;;;;;;;;;;;;;;;;;;;;;;;;;;;;;
