
-- Creación de la base de datos
CREATE DATABASE supermercado;
\c supermercado;

-- Tabla de productos
CREATE TABLE productos (
    id_producto SERIAL PRIMARY KEY,
    nombre VARCHAR(50),
    categoria VARCHAR(20),
    precio NUMERIC(10, 2),
    stock INT
);

-- Tabla de clientes
CREATE TABLE clientes (
    id_cliente SERIAL PRIMARY KEY,
    nombre VARCHAR(100),
    correo VARCHAR(100),
    genero VARCHAR(10),
    edad INT
);

-- Tabla de ventas
CREATE TABLE ventas (
    id_venta SERIAL PRIMARY KEY,
    id_cliente INT REFERENCES clientes(id_cliente),
    id_producto INT REFERENCES productos(id_producto),
    fecha DATE,
    cantidad INT,
    total NUMERIC(10, 2)
);

-- Insertando productos
INSERT INTO productos (id_producto, nombre, categoria, precio, stock) VALUES
(1, 'Successful', 'Electrónica', 68909.53, 10),
(2, 'Water', 'Bebidas', 7640.75, 76),
(3, 'Special', 'Aseo', 28496.04, 34),
(4, 'Growth', 'Alimentos', 9507.32, 89),
(5, 'General', 'Aseo', 69256.22, 38),
(6, 'Even', 'Electrónica', 36705.17, 46),
(7, 'Leave', 'Alimentos', 46983.01, 30),
(8, 'Goal', 'Ropa', 13218.33, 96),
(9, 'Tree', 'Bebidas', 93505.11, 81),
(10, 'Without', 'Ropa', 41473.35, 57),
(11, 'Process', 'Electrónica', 49020.3, 84),
(12, 'Either', 'Electrónica', 36639.79, 10),
(13, 'Role', 'Alimentos', 46019.56, 17),
(14, 'Themselves', 'Electrónica', 64283.62, 30),
(15, 'Vote', 'Ropa', 20173.04, 22),
(16, 'Value', 'Aseo', 89610.74, 79),
(17, 'Security', 'Bebidas', 68622.56, 75),
(18, 'Worker', 'Alimentos', 1369.14, 82),
(19, 'Operation', 'Aseo', 83694.67, 61),
(20, 'Travel', 'Aseo', 90192.83, 36);

INSERT INTO clientes (id_cliente, nombre, correo, genero, edad) VALUES
(1, 'David Rodriguez', 'wheelererin@yahoo.com', 'Masculino', 52),
(2, 'Andre Davis DDS', 'heatherstone@gomez.com', 'Masculino', 29),
(3, 'Douglas Cantu', 'pnash@bell.com', 'Otro', 69),
(4, 'Joel Davis', 'jason12@gmail.com', 'Femenino', 35),
(5, 'Kristen Smith MD', 'renee73@rhodes-morris.com', 'Femenino', 69),
(6, 'Patrick Acevedo', 'robert94@bowers-williams.info', 'Masculino', 39),
(7, 'Kayla Perez', 'pachecocarolyn@foster-holloway.com', 'Otro', 27),
(8, 'Felicia Greer', 'olivertammy@yahoo.com', 'Otro', 38),
(9, 'Summer Jones', 'april76@hotmail.com', 'Femenino', 57),
(10, 'Alisha Douglas', 'fabbott@gmail.com', 'Femenino', 20),
(11, 'Marcus Perez', 'andersonregina@larson-terrell.org', 'Otro', 37),
(12, 'Suzanne Hardy', 'teresagoodwin@hotmail.com', 'Femenino', 47),
(13, 'Allison Sullivan', 'terripeters@hotmail.com', 'Otro', 41),
(14, 'Jaime Miller', 'smithmichael@yahoo.com', 'Femenino', 38),
(15, 'David Johnson', 'timothy48@gmail.com', 'Otro', 70),
(16, 'Brittany Jones', 'shawhenry@gmail.com', 'Otro', 62),
(17, 'Ian Johnson', 'edunn@gmail.com', 'Masculino', 54),
(18, 'Lorraine Russell', 'zmiller@jones.com', 'Femenino', 39),
(19, 'Noah Evans', 'rebecca01@mcintyre.com', 'Femenino', 35),
(20, 'Dustin Anderson', 'greenbryan@mendez.com', 'Masculino', 63),
(21, 'Amy Alvarez', 'valdezcheryl@christian-rice.com', 'Masculino', 67),
(22, 'William Wilson', 'jacquelinecobb@reid-mcgee.com', 'Otro', 61),
(23, 'James Bennett', 'thompsonlaurie@hotmail.com', 'Otro', 45),
(24, 'Jeffrey Hoffman', 'janethodges@haas-wolfe.com', 'Masculino', 43),
(25, 'Mr. William Booth', 'xmartin@hotmail.com', 'Masculino', 21),
(26, 'Beth Ferguson', 'fanderson@hotmail.com', 'Masculino', 58),
(27, 'Jennifer Rocha', 'ashleyrobinson@peterson.com', 'Otro', 30),
(28, 'David Rodriguez', 'obrienmegan@peterson.com', 'Otro', 43),
(29, 'James Golden', 'colemanbrian@ashley.com', 'Femenino', 21),
(30, 'Kelly Branch', 'james41@yahoo.com', 'Masculino', 54);

INSERT INTO ventas (id_venta, id_cliente, id_producto, fecha, cantidad, total) VALUES
(1, 21, 6, '2024-09-03', 3, 110115.51),
(2, 16, 4, '2024-07-06', 3, 28521.96),
(3, 19, 10, '2024-03-02', 2, 82946.7),
(4, 13, 20, '2024-04-22', 3, 270578.49),
(5, 25, 16, '2024-07-12', 1, 89610.74),
(6, 27, 20, '2024-05-29', 4, 360771.32),
(7, 30, 8, '2024-04-19', 3, 39654.99),
(8, 22, 15, '2024-07-20', 4, 80692.16),
(9, 11, 8, '2024-07-12', 2, 26436.66),
(10, 1, 10, '2024-04-26', 4, 165893.4),
(11, 20, 16, '2024-09-11', 5, 448053.7),
(12, 26, 1, '2024-01-07', 2, 137819.06),
(13, 24, 20, '2024-05-05', 5, 450964.15),
(14, 5, 15, '2024-04-09', 5, 100865.2),
(15, 14, 14, '2024-05-10', 4, 257134.48),
(16, 16, 8, '2024-06-22', 4, 52873.32),
(17, 26, 11, '2024-04-26', 1, 49020.3),
(18, 28, 11, '2024-01-06', 1, 49020.3),
(19, 24, 5, '2024-01-29', 3, 207768.66),
(20, 5, 15, '2024-02-16', 3, 60519.12),
(21, 27, 16, '2024-02-26', 5, 448053.7),
(22, 11, 8, '2024-07-27', 4, 52873.32),
(23, 30, 13, '2024-03-02', 2, 92039.12),
(24, 17, 12, '2024-05-28', 5, 183198.95),
(25, 2, 3, '2024-08-31', 3, 85488.12),
(26, 16, 18, '2024-07-11', 3, 4107.42),
(27, 6, 3, '2024-02-15', 4, 113984.16),
(28, 5, 7, '2024-03-23', 5, 234915.05),
(29, 29, 12, '2024-08-11', 3, 109919.37),
(30, 18, 4, '2024-05-16', 2, 19014.64),
(31, 3, 1, '2024-07-14', 1, 68909.53),
(32, 7, 9, '2024-05-04', 5, 467525.55),
(33, 2, 7, '2024-05-03', 2, 93966.02),
(34, 29, 3, '2024-07-16', 5, 142480.2),
(35, 15, 4, '2024-01-08', 2, 19014.64),
(36, 7, 11, '2024-07-06', 3, 147060.9),
(37, 10, 1, '2024-01-29', 5, 344547.65),
(38, 5, 2, '2024-07-21', 1, 7640.75),
(39, 16, 16, '2024-05-13', 4, 358442.96),
(40, 3, 8, '2024-08-03', 2, 26436.66),
(41, 17, 11, '2024-02-08', 3, 147060.9),
(42, 16, 10, '2024-02-02', 3, 124420.05),
(43, 4, 16, '2024-05-08', 1, 89610.74),
(44, 27, 17, '2024-09-03', 3, 205867.68),
(45, 13, 8, '2024-01-01', 4, 52873.32),
(46, 25, 9, '2024-04-22', 1, 93505.11),
(47, 8, 16, '2024-06-14', 5, 448053.7),
(48, 1, 9, '2024-06-29', 4, 374020.44),
(49, 10, 8, '2024-10-13', 4, 52873.32),
(50, 30, 1, '2024-09-20', 4, 275638.12),
(51, 3, 13, '2024-08-21', 5, 230097.8),
(52, 9, 12, '2024-06-02', 4, 146559.16),
(53, 18, 10, '2024-04-12', 3, 124420.05),
(54, 27, 12, '2024-05-04', 5, 183198.95),
(55, 23, 18, '2024-01-12', 5, 6845.7),
(56, 9, 4, '2024-07-06', 4, 38029.28),
(57, 11, 18, '2024-05-05', 3, 4107.42),
(58, 8, 11, '2024-03-29', 5, 245101.5),
(59, 8, 3, '2024-07-05', 3, 85488.12),
(60, 15, 12, '2024-05-05', 5, 183198.95),
(61, 13, 8, '2024-03-28', 4, 52873.32),
(62, 25, 11, '2024-01-14', 1, 49020.3),
(63, 14, 16, '2024-04-24', 1, 89610.74),
(64, 25, 15, '2024-05-27', 3, 60519.12),
(65, 3, 20, '2024-04-22', 1, 90192.83),
(66, 29, 9, '2024-09-24', 3, 280515.33),
(67, 2, 6, '2024-06-26', 4, 146820.68),
(68, 17, 16, '2024-03-15', 4, 358442.96),
(69, 30, 4, '2024-05-24', 4, 38029.28),
(70, 2, 19, '2024-07-09', 3, 251084.01),
(71, 7, 12, '2024-10-10', 2, 73279.58),
(72, 5, 11, '2024-06-07', 1, 49020.3),
(73, 24, 5, '2024-07-24', 2, 138512.44),
(74, 25, 13, '2024-09-04', 1, 46019.56),
(75, 10, 3, '2024-06-26', 1, 28496.04),
(76, 4, 12, '2024-09-09', 3, 109919.37),
(77, 26, 20, '2024-07-13', 4, 360771.32),
(78, 24, 13, '2024-08-09', 1, 46019.56),
(79, 7, 2, '2024-09-04', 4, 30563.0),
(80, 9, 3, '2024-06-14', 3, 85488.12),
(81, 22, 5, '2024-10-07', 5, 346281.1),
(82, 29, 9, '2024-08-02', 1, 93505.11),
(83, 19, 8, '2024-10-01', 1, 13218.33),
(84, 2, 16, '2024-02-08', 5, 448053.7),
(85, 9, 18, '2024-02-05', 4, 5476.56),
(86, 11, 2, '2024-07-29', 3, 22922.25),
(87, 23, 20, '2024-04-09', 4, 360771.32),
(88, 4, 4, '2024-05-04', 4, 38029.28),
(89, 2, 7, '2024-08-30', 1, 46983.01),
(90, 18, 13, '2024-03-11', 2, 92039.12),
(91, 20, 3, '2024-05-05', 2, 56992.08),
(92, 13, 14, '2024-04-06', 1, 64283.62),
(93, 12, 1, '2024-02-25', 3, 206728.59),
(94, 1, 15, '2024-05-21', 1, 20173.04),
(95, 7, 8, '2024-08-25', 1, 13218.33),
(96, 6, 14, '2024-05-22', 5, 321418.1),
(97, 3, 20, '2024-08-15', 3, 270578.49),
(98, 30, 1, '2024-08-09', 1, 68909.53),
(99, 1, 3, '2024-07-08', 2, 56992.08),
(100, 29, 6, '2024-01-10', 4, 146820.68);